vehicle_id,vin,make,model,year,odometer,fuel_type,owner_id,registered_state
VEH000001,RUXAK54CCPVF32361,Tesla,Model Y,2020,135472,diesel,OWN000691,NJ
VEH000002,8HATAB0F1NDL56239,Honda,Civic,2019,60417,diesel,OWN000775,IN
VEH000003,0LVRR7L7MTXV61097,Tesla,Model X,2019,89356,gasoline,OWN000316,MN
VEH000004,5VCC9NVYZDG004375,Toyota,Camry,2018,105244,diesel,OWN000114,MI
VEH000005,0FC13N25R2DU23628,Toyota,RAV4,2018,118019,electric,OWN000024,ND
VEH000006,UZPLMV2PWXWM27215,Toyota,Camry,2018,137947,gasoline,OWN000732,NM
VEH000007,YTK9V607AGLU78260,Toyota,Corolla,2023,57817,hybrid,OWN000230,GA
VEH000008,B14GKT8CP1Z919771,Honda,Pilot,2026,132197,hybrid,OWN000246,WY
VEH000009,23JT5J15GFCS42542,Honda,CR-V,2019,5098,electric,OWN000138,NY
VEH000010,UTB3L2L48EA719873,BMW,X5,2019,21359,electric,OWN000479,MT
VEH000011,GRZLXPKZ1VAE08261,Toyota,Camry,2021,99083,diesel,OWN000741,OR
VEH000012,JV9PNCXDEWRY09206,BMW,X5,2021,71762,gasoline,OWN000125,MN
VEH000013,U5Z580NF80F259552,Audi,Q5,2020,30297,diesel,OWN000237,NJ
VEH000014,PP8G2W3056CS30211,Toyota,RAV4,2019,69281,diesel,OWN000339,OH
VEH000015,EUN1Y5BA6PUJ56957,Mercedes,GLC,2026,2529,electric,OWN000194,VA
VEH000016,SYEAVX4EDDYV53950,Mercedes,GLC,2024,147689,hybrid,OWN000689,KY
VEH000017,2HENN9S1GXBK71041,Ford,Mustang,2020,22910,hybrid,OWN000022,WA
VEH000018,5LY5NKSG5DJN51837,Audi,Q7,2024,13338,gasoline,OWN000018,MT
VEH000019,SZJH3R0YZ1ZB58121,Mercedes,C-Class,2020,25914,electric,OWN000784,NE
VEH000020,6JY254JAZYSY63707,Mercedes,GLC,2021,110767,gasoline,OWN000355,ND
VEH000021,MHC1U63RZRJB60761,Honda,Pilot,2022,145706,gasoline,OWN000090,SD
VEH000022,7UHUFF0VHFK489562,Honda,Pilot,2020,14093,electric,OWN000723,UT
VEH000023,FA15RLVA98B587490,Honda,Pilot,2021,147588,electric,OWN000485,NM
VEH000024,70UNDNW7MALW04719,Chevrolet,Silverado,2018,39397,diesel,OWN000691,MN
VEH000025,VKMFYHW1SAXT98695,Mercedes,GLC,2021,67548,hybrid,OWN000313,UT
VEH000026,WE4EGW8SGKB029747,Ford,F-150,2023,137830,diesel,OWN000708,MT
VEH000027,428PBREVAJV293270,Toyota,RAV4,2024,70206,diesel,OWN000484,TX
VEH000028,X7XSX3HCC7HX32920,BMW,X3,2025,19219,gasoline,OWN000669,AK
VEH000029,10NHD22NRGUV88875,BMW,5 Series,2021,143626,gasoline,OWN000360,SD
VEH000030,G78R48R9R0P241902,Chevrolet,Malibu,2023,48979,gasoline,OWN000103,NY
VEH000031,YJGAZE7BTRA151010,Ford,Explorer,2020,81080,diesel,OWN000182,GA
VEH000032,A4E9KEX35UY815981,Audi,A4,2018,87906,gasoline,OWN000037,OK
VEH000033,DTZHLU20F9D713185,BMW,3 Series,2018,19128,electric,OWN000499,WI
VEH000034,J8PBGV0TX4X985575,Honda,Accord,2026,50096,electric,OWN000498,CA
VEH000035,14GBCK4A2DNM36472,Audi,Q7,2019,3201,gasoline,OWN000664,NV
VEH000036,VC192H4YX8SN20349,Chevrolet,Equinox,2018,10026,electric,OWN000422,OH
VEH000037,VYC0EJ3FHFG914068,Chevrolet,Tahoe,2019,36211,diesel,OWN000159,ME
VEH000038,ZXXJZ12A7TSU57431,Mercedes,E-Class,2021,149320,electric,OWN000531,CO
VEH000039,UWD1RPG49ZV161846,Mercedes,GLC,2020,35337,diesel,OWN000185,SC
VEH000040,12WRZYUUEWNX94022,Tesla,Model S,2023,75179,diesel,OWN000209,MT
VEH000041,B6FKT8URLCJH17666,Toyota,Camry,2024,109791,diesel,OWN000554,MD
VEH000042,JBFDCTPNKBKV69141,Chevrolet,Tahoe,2021,138669,hybrid,OWN000004,AK
VEH000043,U2TVY4E8T1UK77743,Chevrolet,Tahoe,2023,133981,diesel,OWN000772,WV
VEH000044,90K3JB4JWGNJ68416,Audi,A6,2019,103384,hybrid,OWN000441,WI
VEH000045,PBP689D4DJKL06258,Toyota,Corolla,2020,66529,diesel,OWN000477,NY
VEH000046,FZAJA0ZVS4L225395,Audi,Q5,2023,11598,electric,OWN000010,NJ
VEH000047,A28HHJTFS0CH37533,Honda,Accord,2024,28951,electric,OWN000617,SD
VEH000048,2MK3LP8TZLCZ24538,Mercedes,GLC,2020,35453,electric,OWN000143,MD
VEH000049,DCG6SHF1K3CM45896,Toyota,Corolla,2018,72099,diesel,OWN000644,AZ
VEH000050,73L4XHPN1MWC59417,Mercedes,E-Class,2019,127592,electric,OWN000406,OK
VEH000051,HF24PC4GYGJM24899,Honda,Civic,2024,35453,diesel,OWN000253,ID
VEH000052,9F2HP1LVPAH047871,Audi,Q7,2020,63559,diesel,OWN000206,WV
VEH000053,BC50FU6CGPKX05030,Chevrolet,Silverado,2024,25217,gasoline,OWN000207,KS
VEH000054,3BTHYC9KZZNW39021,Audi,A6,2022,116768,diesel,OWN000237,MN
VEH000055,ZKHANEW0NHTX89424,Chevrolet,Silverado,2026,86503,electric,OWN000771,IA
VEH000056,C79TJEMSZYHV26003,Honda,Pilot,2020,129441,gasoline,OWN000701,WY
VEH000057,UH971C0TS5E033188,Chevrolet,Malibu,2018,34650,electric,OWN000597,CT
VEH000058,C821S2MM8GHK07438,Chevrolet,Silverado,2019,133638,diesel,OWN000592,GA
VEH000059,M8GFEDL2GTGS83322,Ford,Escape,2023,87709,diesel,OWN000041,IL
VEH000060,44GYXZFHHVYA37224,Honda,CR-V,2020,21955,diesel,OWN000657,RI
VEH000061,SK2C7VJMR0ZV44922,Chevrolet,Equinox,2026,61147,hybrid,OWN000574,NC
VEH000062,PADTR96ADYJ773729,Mercedes,GLC,2021,78918,gasoline,OWN000355,MT
VEH000063,3JBVSRVER8LP04736,Ford,F-150,2024,88811,electric,OWN000511,CT
VEH000064,9HDBVN46TPJU26853,Honda,Civic,2019,83310,electric,OWN000011,IN
VEH000065,8D6MRJ03EWZC63484,Mercedes,GLE,2019,44860,electric,OWN000455,NY
VEH000066,JMKRU2K71WP760852,Honda,Pilot,2026,39898,diesel,OWN000320,MD
VEH000067,PJWT76UTUKA926353,Audi,Q5,2025,106787,diesel,OWN000397,NM
VEH000068,0SEFP1C1YDE469543,Tesla,Model 3,2024,137363,diesel,OWN000013,MT
VEH000069,KMYFW5XLX6E698917,Ford,Explorer,2019,79087,gasoline,OWN000495,NM
VEH000070,V7AJXJXTS1TL66081,Mercedes,E-Class,2026,29842,diesel,OWN000187,MN
VEH000071,X8RBM6HPU1U502880,Toyota,RAV4,2021,144428,gasoline,OWN000773,PA
VEH000072,EHWFP913CLGZ80639,Chevrolet,Malibu,2020,10388,gasoline,OWN000496,AK
VEH000073,TF3P2JNHJFWZ71655,Tesla,Model Y,2018,49052,electric,OWN000363,NE
VEH000074,Y3YAW07EPSC211445,Tesla,Model Y,2022,93143,diesel,OWN000242,NE
VEH000075,9N75809R8DSK48937,Tesla,Model 3,2023,85334,gasoline,OWN000556,ID
VEH000076,TFTM3J8Y7JN881668,BMW,5 Series,2022,38650,diesel,OWN000435,NE
VEH000077,4ZVVX5U7F4AU50746,Chevrolet,Tahoe,2020,41734,diesel,OWN000184,ND
VEH000078,YFAXA43MKALN23205,BMW,X5,2025,13335,gasoline,OWN000548,CA
VEH000079,VC9T6W3WZ4G725408,Ford,Mustang,2019,67196,diesel,OWN000170,KY
VEH000080,ZE34SGGYP1DA98712,Audi,Q7,2020,101339,hybrid,OWN000022,IN
VEH000081,HWBZ9KT6EEGY00564,Honda,CR-V,2023,96570,hybrid,OWN000696,UT
VEH000082,HRUX0BXRJRAJ32293,Toyota,Corolla,2023,68300,diesel,OWN000495,HI
VEH000083,ECWETN569FYW15047,Ford,Escape,2026,101611,diesel,OWN000018,MT
VEH000084,BK4LKNZCTFVR76233,Honda,Pilot,2020,146893,hybrid,OWN000777,UT
VEH000085,831YZNDN0XZ938964,Chevrolet,Silverado,2021,5804,electric,OWN000126,IL
VEH000086,ULJ09BZXVZRX76558,Toyota,Camry,2023,15658,gasoline,OWN000002,SD
VEH000087,HZ45ETJXELJ395796,Chevrolet,Tahoe,2021,39971,electric,OWN000103,PA
VEH000088,UJ3L6PAFZ2SA41311,Toyota,Highlander,2021,65759,gasoline,OWN000610,CO
VEH000089,9WM3ARY9JWW941498,Mercedes,E-Class,2025,60600,gasoline,OWN000072,IA
VEH000090,BLP85G820CXW26453,Ford,Mustang,2022,44913,gasoline,OWN000146,SD
VEH000091,S85CSBKCXYCU97789,BMW,X5,2021,83349,gasoline,OWN000626,TN
VEH000092,ES8Y70P0M8X405828,BMW,3 Series,2018,135108,hybrid,OWN000299,CA
VEH000093,PN9TV7TM1DJK93856,Chevrolet,Tahoe,2018,79572,diesel,OWN000536,SC
VEH000094,EZJ3CYZ3XWD167515,BMW,5 Series,2021,82627,gasoline,OWN000048,WI
VEH000095,XP3BS11ES5TP99555,BMW,X3,2023,81185,gasoline,OWN000705,NM
VEH000096,P0P138HA78R462206,Audi,A4,2025,37894,electric,OWN000361,ID
VEH000097,WU0TDTCN8ZW698550,Audi,Q5,2021,23964,diesel,OWN000398,RI
VEH000098,TKRFWN6CJJNV43686,Ford,Escape,2023,25601,electric,OWN000055,IA
VEH000099,5JKM84VV1FXB77564,BMW,3 Series,2023,85834,electric,OWN000136,OR
VEH000100,75VP915NK9EC59749,BMW,X5,2021,9292,diesel,OWN000764,AL
VEH000101,0KPF96NUG9WZ70276,Chevrolet,Tahoe,2019,43615,electric,OWN000265,OH
VEH000102,TU9932FNKFHK62274,Chevrolet,Silverado,2022,23427,electric,OWN000791,MA
VEH000103,9HDW3GMS15KJ52810,Tesla,Model 3,2025,124163,diesel,OWN000202,NV
VEH000104,RMKR2UET20ET90078,Ford,Explorer,2024,51815,hybrid,OWN000495,ND
VEH000105,LLUP696ZX3TK40233,Audi,Q7,2020,133008,electric,OWN000710,WI
VEH000106,AB2XFEU4EJNE08569,Mercedes,GLE,2021,78886,diesel,OWN000230,MI
VEH000107,3V6UDV1907BG01054,Honda,Accord,2023,61142,hybrid,OWN000603,AZ
VEH000108,MAEUAG46FMH395646,Chevrolet,Malibu,2020,74172,hybrid,OWN000613,IN
VEH000109,YU2YE64RSXTE53142,Chevrolet,Tahoe,2019,93741,gasoline,OWN000186,DE
VEH000110,Z3ZG51SX9VR679161,Mercedes,GLC,2024,43516,diesel,OWN000311,NC
VEH000111,ASE6BM1BFPSG77219,Audi,A6,2020,78908,hybrid,OWN000022,MN
VEH000112,WT5KWE4ZXXZ110303,Ford,Explorer,2023,32028,hybrid,OWN000577,OR
VEH000113,FV0NUWP2L7BE81389,Mercedes,C-Class,2021,141605,diesel,OWN000462,WV
VEH000114,RUS6PLB8ZYC610072,Tesla,Model Y,2018,59498,hybrid,OWN000310,UT
VEH000115,BGZX61ZS68EG45983,BMW,X5,2018,128532,diesel,OWN000730,NV
VEH000116,FPSFCR2Y39F252222,Ford,Escape,2023,99769,gasoline,OWN000212,OK
VEH000117,HBHTBLZPNMYB51889,Ford,F-150,2020,14799,diesel,OWN000009,AK
VEH000118,AYTXK0Y1GMSR29765,Mercedes,GLE,2025,129019,diesel,OWN000718,CO
VEH000119,NXNM943W3WH041907,Chevrolet,Equinox,2024,24094,gasoline,OWN000337,NE
VEH000120,6BYXD2X3H5W341734,Chevrolet,Tahoe,2019,104196,electric,OWN000692,CA
VEH000121,KL05FVMGRCCP39482,Ford,F-150,2019,134911,gasoline,OWN000534,NC
VEH000122,6JFDUSXLC2P166841,Mercedes,E-Class,2026,149602,electric,OWN000357,NH
VEH000123,8F2Z1CWDRPSX14046,Mercedes,GLE,2025,26001,diesel,OWN000738,LA
VEH000124,BS86DDNAF0PA71788,Mercedes,C-Class,2026,72767,gasoline,OWN000732,WV
VEH000125,YVAXRAF66FP839800,Audi,Q5,2021,67012,diesel,OWN000415,CT
VEH000126,YR0MFUKNWAJJ29285,Honda,CR-V,2023,134849,hybrid,OWN000349,OH
VEH000127,H5KTGWDCWEEZ72349,Mercedes,C-Class,2026,147198,diesel,OWN000527,FL
VEH000128,W1SVRD43HFH477106,Tesla,Model 3,2019,125497,electric,OWN000538,ME
VEH000129,CMNB3ZH2GHTA75091,Audi,A4,2024,96028,electric,OWN000188,GA
VEH000130,A83SFBT3LYNS03055,Tesla,Model S,2021,64437,gasoline,OWN000157,WY
VEH000131,VS5H0T3SYBF496046,Toyota,RAV4,2025,84741,electric,OWN000496,NV
VEH000132,LPCV87P5AAK678281,Audi,A4,2024,108496,hybrid,OWN000233,UT
VEH000133,TD6FXML9VPTK29895,Toyota,RAV4,2018,17484,electric,OWN000423,MA
VEH000134,HCX3DLZJD2WP25337,Ford,Escape,2020,38760,diesel,OWN000446,AK
VEH000135,TMN5GD7VJSXA74593,BMW,5 Series,2021,48110,diesel,OWN000011,PA
VEH000136,844ZASLDMVGU72384,BMW,X3,2019,100597,diesel,OWN000103,NJ
VEH000137,UEUGZBXDSCXE84672,Chevrolet,Silverado,2026,138609,electric,OWN000459,WV
VEH000138,89H71ME3YRBS99393,Mercedes,GLE,2019,126558,electric,OWN000054,TX
VEH000139,ZB55AGSBZTVA82578,BMW,3 Series,2025,129027,electric,OWN000509,VT
VEH000140,3DCXZ9969JP500887,BMW,X3,2022,33337,hybrid,OWN000511,HI
VEH000141,CCJNHHSB7SP835725,BMW,5 Series,2020,76815,hybrid,OWN000516,VA
VEH000142,6CLLG4D8UAXS27811,BMW,X3,2022,100668,electric,OWN000020,ND
VEH000143,P993BKKJU2UT01833,Ford,Mustang,2025,3109,gasoline,OWN000217,NE
VEH000144,58XS7U8HPXSZ62543,Audi,A6,2023,59674,gasoline,OWN000504,IN
VEH000145,GJF13DA7FCSZ58387,Ford,Mustang,2019,102718,electric,OWN000685,CO
VEH000146,1H8D8D92X8G544069,BMW,X5,2018,110201,electric,OWN000498,IA
VEH000147,6900FZPCWFCP24062,BMW,5 Series,2018,102399,gasoline,OWN000319,IL
VEH000148,SX2YEF94AGXK34457,Honda,CR-V,2021,132007,hybrid,OWN000611,MO
VEH000149,7U2F7NSMGFZE89413,Ford,Escape,2021,103548,diesel,OWN000668,PA
VEH000150,ZN7167DYXYAZ75061,Chevrolet,Silverado,2026,131492,electric,OWN000416,HI
VEH000151,SMTBR658FPPG76825,Toyota,Highlander,2020,12346,gasoline,OWN000127,MT
VEH000152,4P9P11KWHZL336295,Audi,Q5,2024,37305,gasoline,OWN000128,SC
VEH000153,N31PCEZ2BFJG68337,Chevrolet,Equinox,2026,31278,electric,OWN000257,SC
VEH000154,R62T67ZSE0X220615,Ford,Mustang,2021,95731,gasoline,OWN000029,MI
VEH000155,8ZRXJ0LPGZRH50533,Toyota,Camry,2023,97398,gasoline,OWN000395,PA
VEH000156,1UDYNH8VRUJW41419,Chevrolet,Malibu,2024,57672,gasoline,OWN000787,IL
VEH000157,BAYC3LPCP7PW72327,Ford,Mustang,2022,71039,hybrid,OWN000181,KY
VEH000158,LSA14W6NNXSP22777,BMW,X5,2022,59029,gasoline,OWN000467,VT
VEH000159,E16B33822ZYH21772,Mercedes,E-Class,2024,37890,electric,OWN000792,OH
VEH000160,436M2ZXKDTKD27979,Audi,Q5,2022,98772,hybrid,OWN000027,NY
VEH000161,169FF7TEYMD774609,BMW,5 Series,2019,72509,hybrid,OWN000511,NM
VEH000162,999CGSTDPLLA01298,Chevrolet,Silverado,2021,128831,hybrid,OWN000682,NJ
VEH000163,AV4CPFEMDJHD50439,Honda,Pilot,2025,45817,hybrid,OWN000375,ME
VEH000164,4V1UD3T17XV125782,Honda,Accord,2020,31871,diesel,OWN000778,RI
VEH000165,M5LY7369XHX421028,Chevrolet,Malibu,2024,56869,hybrid,OWN000307,NE
VEH000166,LB6JW5DUGHTC21827,Honda,Pilot,2026,76305,diesel,OWN000087,MN
VEH000167,F5E5CA479ATP24091,Toyota,Corolla,2023,17379,hybrid,OWN000302,AR
VEH000168,Y0DLDPFXKVVJ37604,Ford,F-150,2019,50300,gasoline,OWN000358,MT
VEH000169,16EL2JLL13G007802,Chevrolet,Tahoe,2026,80985,gasoline,OWN000087,CT
VEH000170,9EK02732YXLH13887,Toyota,RAV4,2018,20536,hybrid,OWN000343,MA
VEH000171,Y17VBWXZP3S990216,Mercedes,GLE,2022,144969,hybrid,OWN000488,MI
VEH000172,0DP5UX1E6NC440665,Toyota,Highlander,2018,124718,diesel,OWN000792,TX
VEH000173,RBRNZ07ZJZTK04277,Tesla,Model Y,2025,122620,diesel,OWN000262,IL
VEH000174,4P2SRJ512GKS78224,BMW,X3,2026,55261,electric,OWN000286,VA
VEH000175,69U5R5FXW9C184085,Mercedes,E-Class,2025,27448,hybrid,OWN000396,HI
VEH000176,MLP5YFTV55B985779,Toyota,Highlander,2022,98711,diesel,OWN000237,CA
VEH000177,GAUYEHSHZVD087998,Honda,CR-V,2020,24915,diesel,OWN000654,CO
VEH000178,7BXD0CD00VU281912,Audi,Q7,2026,93563,hybrid,OWN000767,PA
VEH000179,1JHADJ076DPW26243,Tesla,Model Y,2018,113556,hybrid,OWN000244,CO
VEH000180,V3AYPDWGGUZF12325,Mercedes,GLE,2018,43855,electric,OWN000638,OH
VEH000181,D43EL40F7EYZ37308,Tesla,Model X,2019,7373,hybrid,OWN000208,TX
VEH000182,18T7W7GUXJAG32987,Mercedes,GLE,2021,30959,gasoline,OWN000540,WY
VEH000183,9J2LWVS0L5SV43440,Toyota,Camry,2026,84187,hybrid,OWN000334,UT
VEH000184,Z769911NK9L302840,Honda,Accord,2018,41359,electric,OWN000108,GA
VEH000185,HUATST2SR0WR75721,Toyota,Highlander,2020,124644,diesel,OWN000549,WI
VEH000186,CVAMVTR5GYFM42563,Mercedes,E-Class,2023,77920,hybrid,OWN000176,ND
VEH000187,J7XK15KHKADV95755,Mercedes,GLE,2019,9974,electric,OWN000292,MA
VEH000188,THUPJTHWVFHP40119,Toyota,RAV4,2025,43267,diesel,OWN000463,ID
VEH000189,YWEV83F3SXJG22147,Tesla,Model Y,2023,43899,diesel,OWN000626,KY
VEH000190,UNT7UC2MYJEJ48265,Tesla,Model Y,2024,4919,electric,OWN000470,OH
VEH000191,SWY4WUD43BWT66784,Ford,Explorer,2024,76479,gasoline,OWN000588,WV
VEH000192,D5MF4G5YJ5M183435,Tesla,Model Y,2019,2283,diesel,OWN000047,AR
VEH000193,2PZ1JPZWR3L284252,Mercedes,E-Class,2024,81879,electric,OWN000790,AL
VEH000194,DE9F047LK0V828321,Mercedes,GLC,2022,102408,electric,OWN000515,NH
VEH000195,D3FHSL4YRBMT44099,Mercedes,GLC,2021,76648,diesel,OWN000308,RI
VEH000196,3CAPLMT3J4R770964,Chevrolet,Silverado,2024,66134,gasoline,OWN000634,MI
VEH000197,V3B7JCVY99CZ21999,Honda,Civic,2022,132924,electric,OWN000281,CT
VEH000198,RFDEY2ACA7ZR65076,Tesla,Model X,2023,108538,electric,OWN000536,GA
VEH000199,VFLJDY4N3SY101468,BMW,3 Series,2019,84904,electric,OWN000731,DE
VEH000200,HSMMNZD8Y4UG15752,Tesla,Model Y,2019,118091,electric,OWN000611,MD
VEH000201,M2PWS8CB45KY39678,Mercedes,C-Class,2020,38929,electric,OWN000163,OK
VEH000202,ALL8JR2HBUB863455,Mercedes,GLE,2025,143075,hybrid,OWN000421,NE
VEH000203,HJ9XZ8R1LYS018041,Chevrolet,Malibu,2021,72473,electric,OWN000096,WI
VEH000204,D474XU6C3XJ568154,Tesla,Model 3,2026,136921,gasoline,OWN000021,OR
VEH000205,U1VVDHY857XJ35541,Chevrolet,Silverado,2018,45322,electric,OWN000563,VA
VEH000206,DVU1AFSPVEKZ92018,Tesla,Model X,2025,131128,diesel,OWN000646,MT
VEH000207,H4EN0G66ZFED78131,Toyota,Camry,2022,9723,gasoline,OWN000037,GA
VEH000208,HE8NVU6TVRVD94487,BMW,3 Series,2021,71672,gasoline,OWN000103,MO
VEH000209,6G67LV7W4FXK45956,Chevrolet,Equinox,2021,75773,gasoline,OWN000509,MD
VEH000210,3GA1EMX0B3J481699,Honda,Civic,2019,145654,hybrid,OWN000755,ME
VEH000211,Y74N14PBFMZP51381,BMW,5 Series,2020,45534,electric,OWN000590,ME
VEH000212,5540J80BBFLL72838,Audi,A4,2021,51636,hybrid,OWN000768,OK
VEH000213,7DH5MR52TYVG11519,Chevrolet,Malibu,2018,3815,diesel,OWN000681,AK
VEH000214,DFC0RJ9KKEEE89203,Mercedes,GLE,2024,95886,gasoline,OWN000681,WV
VEH000215,FPL1DN20G2LC68047,Audi,Q7,2019,3351,electric,OWN000778,VA
VEH000216,LFKALJK15FEG60283,Toyota,Camry,2022,26175,gasoline,OWN000470,NE
VEH000217,7Z02W67LBWL074396,Chevrolet,Equinox,2025,95438,electric,OWN000636,AZ
VEH000218,Y5WCK3E96EJM11128,Ford,Mustang,2018,132845,gasoline,OWN000014,IL
VEH000219,238AFKKKPNH782383,Chevrolet,Silverado,2023,51303,diesel,OWN000572,ID
VEH000220,AW0RY5RZS9H037399,Tesla,Model Y,2023,62225,gasoline,OWN000495,NE
VEH000221,XAY44TMJBCAV47959,Chevrolet,Malibu,2023,117195,electric,OWN000183,UT
VEH000222,1N0SKR9M3WR502023,Tesla,Model 3,2026,25599,diesel,OWN000308,OR
VEH000223,ZB3Z13RL45DX80344,BMW,X5,2025,10594,hybrid,OWN000791,TN
VEH000224,1AFZMVLFT7HZ58091,Audi,Q7,2022,9122,gasoline,OWN000277,RI
VEH000225,AN3EL302UGWT07682,Chevrolet,Malibu,2019,74065,hybrid,OWN000550,SC
VEH000226,7DT2427EZYU786934,Mercedes,E-Class,2020,9348,diesel,OWN000209,FL
VEH000227,EV7A3X0C4VRA85932,Ford,Escape,2020,97703,gasoline,OWN000774,OK
VEH000228,3JSTMAZDA3FL36983,Ford,Escape,2021,12781,gasoline,OWN000177,AL
VEH000229,UN6AXRXUDRGW16378,Mercedes,GLC,2024,11722,diesel,OWN000233,CT
VEH000230,1M33MVXD09BV82748,Mercedes,E-Class,2018,102106,electric,OWN000393,AR
VEH000231,7KKCYB5JTUXT18041,Toyota,Camry,2020,99334,hybrid,OWN000036,OH
VEH000232,58UKNT4KMASG83865,BMW,3 Series,2023,964,diesel,OWN000071,CO
VEH000233,RVWZBY9HC4NY25940,Honda,CR-V,2024,31072,gasoline,OWN000425,NJ
VEH000234,FKWBJN0LX4NX20061,Mercedes,GLE,2022,52463,diesel,OWN000504,DE
VEH000235,6EBJ3UR7KYAP71588,Audi,A6,2019,14912,hybrid,OWN000754,VA
VEH000236,ZS5SHBT1XCDF61407,BMW,5 Series,2020,41540,electric,OWN000794,NY
VEH000237,XW4T5M33RMRC07468,BMW,5 Series,2023,46165,diesel,OWN000729,NC
VEH000238,7DRJ6GWPUCV880304,BMW,X5,2021,85225,gasoline,OWN000781,NH
VEH000239,JTTH4ZT9GLK934601,Audi,A4,2018,42344,gasoline,OWN000281,NM
VEH000240,ZR94ZGWVVMN500571,Chevrolet,Malibu,2021,69129,gasoline,OWN000454,NV
VEH000241,M31RSRHYANRX83114,Chevrolet,Silverado,2021,13680,diesel,OWN000608,UT
VEH000242,9416SM212RXR58623,Audi,A6,2023,63224,electric,OWN000188,NM
VEH000243,UATZC7VGVXJK82234,Chevrolet,Equinox,2021,48330,hybrid,OWN000181,CO
VEH000244,WCZ9VRU613NJ45999,Ford,Mustang,2020,75282,diesel,OWN000543,FL
VEH000245,G1A0STPNKXEG27170,Chevrolet,Tahoe,2018,99896,hybrid,OWN000098,NH
VEH000246,DJV4L1YCH0SH05106,Ford,Explorer,2022,114404,diesel,OWN000151,IN
VEH000247,ASBFY86KH4PR96446,Toyota,Corolla,2026,110954,electric,OWN000216,PA
VEH000248,78KZGWZSB0YK70649,Chevrolet,Tahoe,2025,93744,hybrid,OWN000211,MI
VEH000249,G1GR7WUXVJYH51506,Honda,Civic,2020,147275,gasoline,OWN000541,IL
VEH000250,FXW11KDRMCBZ82811,Toyota,Camry,2018,88659,gasoline,OWN000701,NH
VEH000251,TCDDG3MGAFYR68733,Honda,CR-V,2018,128961,hybrid,OWN000587,MT
VEH000252,H2T5Y5K60EP383012,Tesla,Model S,2025,10309,gasoline,OWN000106,ID
VEH000253,5T9RJFGDA3GK59059,BMW,3 Series,2024,102858,gasoline,OWN000140,NE
VEH000254,3SG7G8CB7KK641286,Toyota,Highlander,2024,113144,hybrid,OWN000115,MN
VEH000255,5JBBU2L7S7LW08717,Honda,CR-V,2018,5882,electric,OWN000383,NE
VEH000256,RWTFXLZ0NJHJ25819,Mercedes,E-Class,2023,59889,diesel,OWN000221,OH
VEH000257,4SA3M0X9UPR831018,BMW,X5,2023,101788,electric,OWN000314,RI
VEH000258,6MF0H04K58S146694,Tesla,Model S,2021,100843,diesel,OWN000677,ME
VEH000259,D3JXF0HNH1ZJ56617,BMW,X5,2023,44163,gasoline,OWN000012,OR
VEH000260,X3K546AYRSDJ37811,Chevrolet,Silverado,2018,35051,diesel,OWN000039,IA
VEH000261,ARGNNBDDMPT415438,Tesla,Model X,2026,107553,diesel,OWN000546,OR
VEH000262,FDN9T0265JKB30319,Chevrolet,Equinox,2018,14224,diesel,OWN000256,IA
VEH000263,F7KEFSNTFAK370543,Toyota,Highlander,2018,68610,gasoline,OWN000700,TX
VEH000264,5NMHT6SRJKER03402,BMW,3 Series,2020,65226,hybrid,OWN000354,CA
VEH000265,NHZV5VAV60PD97022,BMW,X5,2024,29845,electric,OWN000060,CA
VEH000266,5HR0XAUCMNSE90275,Audi,Q7,2021,126179,diesel,OWN000375,KY
VEH000267,MPUS2TRGVCGM84345,Audi,Q7,2022,104439,electric,OWN000583,WY
VEH000268,RLT87CF3LBZL79416,Ford,Explorer,2026,80255,electric,OWN000331,NH
VEH000269,3NGD2B16HUNE35048,Audi,A6,2024,140628,electric,OWN000173,IL
VEH000270,1NC39WRR7JE411641,Chevrolet,Silverado,2018,16361,diesel,OWN000076,NJ
VEH000271,KAG1KGT5UJRU74177,Toyota,Highlander,2026,3050,hybrid,OWN000538,WI
VEH000272,SRXVDVLH0DWE84811,Mercedes,GLE,2026,131734,electric,OWN000551,WY
VEH000273,H36CFJP316C483797,Tesla,Model 3,2025,136205,hybrid,OWN000435,NV
VEH000274,8AAZ0N65ADFN94402,Toyota,RAV4,2022,105329,hybrid,OWN000678,PA
VEH000275,08KJ0N48RSLP88278,Chevrolet,Silverado,2020,98693,diesel,OWN000651,NV
VEH000276,ZKP919BZEXHV81114,Ford,F-150,2024,82494,hybrid,OWN000585,ME
VEH000277,LZTS0LD52CDM73231,Ford,F-150,2022,130226,hybrid,OWN000465,LA
VEH000278,5UFV5MC1MJVN61011,Audi,A6,2021,45791,diesel,OWN000136,WY
VEH000279,6MBKA7WT7JM983952,Chevrolet,Tahoe,2018,84911,electric,OWN000619,MI
VEH000280,D0XL2SG8XTND52638,BMW,5 Series,2025,67374,gasoline,OWN000796,ME
VEH000281,1354YMJ2HDRD70591,Ford,F-150,2024,114685,hybrid,OWN000231,VA
VEH000282,DJ5JMER1DMCH80744,BMW,5 Series,2025,76790,diesel,OWN000168,MS
VEH000283,CLS8KXSJ88RC40267,Tesla,Model Y,2021,79732,hybrid,OWN000671,NH
VEH000284,HHVF5C77S2GD03284,BMW,3 Series,2021,1943,gasoline,OWN000359,TN
VEH000285,HR9AKJ1Z1RU467540,Toyota,Highlander,2022,121704,diesel,OWN000376,ID
VEH000286,8TC11DF812BN18920,Tesla,Model Y,2023,54285,hybrid,OWN000195,RI
VEH000287,J4V5D7YDH5YS98657,Honda,CR-V,2020,27562,electric,OWN000434,CO
VEH000288,FCNFL95WUVBE15606,Chevrolet,Malibu,2020,41036,gasoline,OWN000229,TX
VEH000289,2L8E2FW7VLLM75246,Mercedes,GLC,2018,72053,electric,OWN000680,MA
VEH000290,4JW0UDSEA8R652784,Mercedes,E-Class,2020,37327,hybrid,OWN000249,AK
VEH000291,GPTRPFG064MG93656,Mercedes,E-Class,2021,27292,hybrid,OWN000800,TN
VEH000292,D5AYZ7R2W5VW35700,Ford,Mustang,2020,47489,electric,OWN000447,KY
VEH000293,VUY46NL7ZFMJ76459,Chevrolet,Silverado,2022,44508,hybrid,OWN000555,CA
VEH000294,EA5FSAP2DKMS65541,Tesla,Model S,2023,147819,diesel,OWN000375,UT
VEH000295,JR9KDHZBNGFG05631,Ford,F-150,2019,125849,gasoline,OWN000273,PA
VEH000296,3LR5TVW3SECF30409,BMW,X3,2024,51019,hybrid,OWN000217,NE
VEH000297,FFVNC0SSLJGA78604,Mercedes,C-Class,2022,64119,electric,OWN000196,OR
VEH000298,M7PS2J6UZKMX74604,Chevrolet,Tahoe,2024,135250,diesel,OWN000389,CO
VEH000299,2GGSH7Z4RFED82759,BMW,3 Series,2020,105189,hybrid,OWN000451,CT
VEH000300,3ZLCUL50BEBC53852,Audi,Q5,2021,85233,diesel,OWN000203,WY
VEH000301,FLTPX4BTCEE928887,Ford,F-150,2022,82986,hybrid,OWN000394,IL
VEH000302,XGJAGBB3DAD895502,Audi,A6,2023,116182,gasoline,OWN000507,MN
VEH000303,FN9FTMCWHZAK17279,Tesla,Model X,2025,59965,hybrid,OWN000468,AZ
VEH000304,1MY23VMXHDWL09835,BMW,3 Series,2021,50603,electric,OWN000079,MO
VEH000305,27W9Y6TP2FND73495,Mercedes,GLC,2025,31316,hybrid,OWN000781,NE
VEH000306,07GXERVFNGEA31722,Mercedes,GLC,2018,37666,diesel,OWN000573,OH
VEH000307,90H4VLB2ZNGH92830,BMW,X3,2019,106023,hybrid,OWN000200,VA
VEH000308,Z6DDXHMYTGA255978,Audi,Q7,2020,119130,gasoline,OWN000671,UT
VEH000309,KU6U1Y943YG314564,Chevrolet,Tahoe,2023,124982,diesel,OWN000507,ME
VEH000310,G3KWRZ3G1NL964815,Audi,Q7,2019,55925,gasoline,OWN000336,WA
VEH000311,PH830NURLSBU65043,Toyota,Corolla,2021,125829,hybrid,OWN000483,OK
VEH000312,JSLTZR3KF0HG41072,Audi,A6,2026,12609,hybrid,OWN000281,IL
VEH000313,DWPGZZ2KRTVF03677,BMW,5 Series,2018,116827,electric,OWN000280,CA
VEH000314,5KHZF0A4FTJA29075,Honda,Pilot,2026,48366,diesel,OWN000569,MA
VEH000315,FJ8VK6P1CYLV80366,Mercedes,GLE,2021,129971,hybrid,OWN000410,OK
VEH000316,SS58WMAE3YUC01160,BMW,5 Series,2018,74409,hybrid,OWN000579,OH
VEH000317,5DC9EXJLS2ZV31615,Tesla,Model S,2026,69822,diesel,OWN000433,OR
VEH000318,MWUVUA6RLHLH63332,Mercedes,GLC,2023,33189,gasoline,OWN000684,MT
VEH000319,5ZRWTW7K41VE61712,Ford,F-150,2024,31101,hybrid,OWN000341,AZ
VEH000320,AZ00ZNAS59E000714,Tesla,Model 3,2022,16438,diesel,OWN000588,MO
VEH000321,E1KA6HP8APWF13028,Honda,Pilot,2024,69520,hybrid,OWN000506,TN
VEH000322,B8TV7XUU59BY29675,Mercedes,GLE,2024,35612,hybrid,OWN000309,MS
VEH000323,22VYPFXM2EHN13165,BMW,3 Series,2021,141077,diesel,OWN000637,NV
VEH000324,B17AYFUES1LT35527,Ford,Escape,2024,118467,electric,OWN000193,MT
VEH000325,LVSV10RR6NEN28842,Audi,A6,2020,72776,diesel,OWN000508,ME
VEH000326,1J9SF6X1R0E415219,BMW,X3,2022,74986,electric,OWN000041,CA
VEH000327,F028VLU9JUWF32253,Mercedes,GLC,2020,120619,electric,OWN000033,IL
VEH000328,A0U8R0WWUSA059277,BMW,3 Series,2023,69566,hybrid,OWN000308,WA
VEH000329,4ZLHFA5Z2CKK34967,Honda,Pilot,2018,10639,gasoline,OWN000505,DE
VEH000330,MF1CFSC8DTTS57650,Toyota,Camry,2020,3383,electric,OWN000008,VA
VEH000331,DFLV6VZYF6AM87094,Toyota,RAV4,2024,20847,diesel,OWN000749,UT
VEH000332,UMJJ69NNZ3UU87222,Audi,A4,2022,41088,electric,OWN000772,NC
VEH000333,KN5AYLSDSJGC97111,Tesla,Model Y,2021,53329,hybrid,OWN000383,SD
VEH000334,JZA5R1R0CZBY30518,Toyota,Corolla,2023,143751,hybrid,OWN000122,IN
VEH000335,73LH51PVUXMP22885,Chevrolet,Malibu,2023,82697,electric,OWN000788,RI
VEH000336,SYMPCPZ0KBKT59893,Honda,Pilot,2022,28855,diesel,OWN000500,MO
VEH000337,NYZPN170CZRB92193,Tesla,Model 3,2021,79567,gasoline,OWN000698,OH
VEH000338,4V4XJAJ4AUVN47259,Tesla,Model S,2018,107370,electric,OWN000481,MI
VEH000339,PYSYM9KUX9Y743908,BMW,3 Series,2023,59928,hybrid,OWN000367,NH
VEH000340,5E98MR2YWGE422270,Tesla,Model S,2024,128198,electric,OWN000554,AL
VEH000341,AX11VT616YRM82568,Ford,Mustang,2020,32219,hybrid,OWN000702,ID
VEH000342,NMVYR5456GY239623,Tesla,Model 3,2019,84136,hybrid,OWN000444,CT
VEH000343,V936ZEXFFYLH90732,Tesla,Model S,2021,148553,electric,OWN000019,NJ
VEH000344,HEP0GPCPD1WM45156,Tesla,Model S,2018,140009,diesel,OWN000379,ID
VEH000345,DAY8383F50RH30066,Tesla,Model X,2022,147239,electric,OWN000763,MO
VEH000346,DTPZKK1USLR892704,Honda,CR-V,2022,30845,hybrid,OWN000315,NJ
VEH000347,KF8VWV5YGAX239435,Ford,Mustang,2025,117776,diesel,OWN000466,NY
VEH000348,HJV66KDXH6BH08952,Toyota,Corolla,2021,11352,diesel,OWN000476,CA
VEH000349,FZTFSPA1R9GG99752,Toyota,Camry,2024,102939,gasoline,OWN000736,SC
VEH000350,HKC1RLEU1JR146416,Chevrolet,Malibu,2019,104078,diesel,OWN000630,AL
VEH000351,SV096JV1CCXV01157,BMW,3 Series,2022,55005,hybrid,OWN000762,ME
VEH000352,T8FLNSP2TZVA00120,BMW,3 Series,2019,66918,diesel,OWN000287,ID
VEH000353,7G2JA7AXJMW798050,Ford,F-150,2022,123979,diesel,OWN000751,NY
VEH000354,F7FR8TFNZHHH77881,Honda,CR-V,2023,74233,electric,OWN000678,NE
VEH000355,YNF406AX7XP112861,Toyota,Corolla,2020,144106,gasoline,OWN000602,WI
VEH000356,Z0MUZD9UCHJZ74048,BMW,X5,2020,146105,hybrid,OWN000483,TN
VEH000357,JKFV9NHVADL226962,Toyota,Highlander,2022,127142,diesel,OWN000537,OR
VEH000358,0SER9C72N3NA24419,Honda,Pilot,2022,61550,gasoline,OWN000198,AZ
VEH000359,5HNCSW4SY2WN77589,Audi,A6,2020,76823,hybrid,OWN000512,MA
VEH000360,YV6A477AC8CN23211,Ford,F-150,2022,50068,diesel,OWN000537,MA
VEH000361,CVR6YTPLCRSN02802,Ford,F-150,2025,89775,hybrid,OWN000400,RI
VEH000362,KNBUWTKFBMH734811,Ford,Explorer,2021,80977,electric,OWN000550,IL
VEH000363,XX0XAP69RGFU82139,Honda,CR-V,2021,9479,diesel,OWN000703,IA
VEH000364,J2G2E7111XJ228640,Honda,Accord,2025,52770,hybrid,OWN000230,MA
VEH000365,D517MDNR7XMR31350,Ford,Explorer,2024,138212,diesel,OWN000649,WI
VEH000366,U8HHMYL77CML24133,Honda,Civic,2026,129704,gasoline,OWN000479,KS
VEH000367,YBJPX2E9JEGK90433,Toyota,Camry,2019,66562,electric,OWN000115,WY
VEH000368,BHUALYTEP7BY57923,Ford,F-150,2022,125641,hybrid,OWN000054,MS
VEH000369,CPT6RWJSAYPN32025,Tesla,Model X,2020,57400,hybrid,OWN000037,LA
VEH000370,PW274TSP39V569615,BMW,3 Series,2020,146481,gasoline,OWN000480,CT
VEH000371,6RHYAADGGDEA92996,Chevrolet,Malibu,2025,106632,gasoline,OWN000795,WI
VEH000372,15G4LC0BS1G259696,Ford,Mustang,2024,146008,electric,OWN000107,AR
VEH000373,50WNR0DFTBW787353,Ford,Escape,2025,136329,electric,OWN000455,AK
VEH000374,L146EBLDB0GN27215,Audi,A6,2019,115537,gasoline,OWN000622,NV
VEH000375,PS7VURKJB0L218014,Audi,Q5,2020,55400,hybrid,OWN000227,CT
VEH000376,UL59JGC71HL400277,Honda,Pilot,2025,89453,diesel,OWN000017,SC
VEH000377,GLV07VSMLUPA69454,BMW,X5,2021,110808,gasoline,OWN000360,WV
VEH000378,LM1ZW4J6ZTEF97642,Tesla,Model X,2018,62960,electric,OWN000671,RI
VEH000379,BMMECT16M5LP39487,Chevrolet,Equinox,2023,20544,gasoline,OWN000033,KS
VEH000380,BAFAYYX3M1EF58809,Honda,Civic,2023,70575,diesel,OWN000334,AK
VEH000381,D8Z1AR0EZ1D361040,Chevrolet,Equinox,2018,99278,diesel,OWN000626,HI
VEH000382,7WV2HCWFYKTF17024,Toyota,Corolla,2018,142310,hybrid,OWN000263,CT
VEH000383,NDZYSGN2MVKP49028,Mercedes,GLC,2024,45466,diesel,OWN000409,CO
VEH000384,NCF3BHZTWCXB19218,Mercedes,GLC,2018,95784,gasoline,OWN000788,IL
VEH000385,CDFP871ZY9X465058,Ford,Explorer,2019,134485,hybrid,OWN000222,NJ
VEH000386,7D9ZYL67TFHT08741,Mercedes,E-Class,2020,109872,hybrid,OWN000356,AK
VEH000387,4XPCHF0V4LC973497,BMW,3 Series,2022,93961,gasoline,OWN000033,IL
VEH000388,BTHV5SVYELKD58274,Tesla,Model X,2026,38528,gasoline,OWN000345,AZ
VEH000389,YU555JVUXLVK62201,Chevrolet,Silverado,2023,140692,gasoline,OWN000061,OK
VEH000390,CRTL5WHECKMU24397,Honda,Pilot,2022,138080,electric,OWN000470,NV
VEH000391,91RPU9LSSBKF92471,Chevrolet,Tahoe,2025,15470,hybrid,OWN000041,IN
VEH000392,ZDC9PA8K0LRP47930,BMW,3 Series,2024,105271,diesel,OWN000407,MN
VEH000393,MGV1AWRX4MMU12652,Audi,Q5,2020,98222,hybrid,OWN000330,WY
VEH000394,TN5NG85GSVJ175568,Chevrolet,Tahoe,2024,20273,gasoline,OWN000369,HI
VEH000395,JDBH1RCLHJAP75381,BMW,X3,2020,5749,gasoline,OWN000167,TX
VEH000396,GZ7H0VJ05FHJ84623,Chevrolet,Silverado,2020,26545,electric,OWN000583,ME
VEH000397,01GHMCRJYZDT10169,Mercedes,E-Class,2024,27616,gasoline,OWN000672,GA
VEH000398,J8H66MF96XBP94196,Tesla,Model Y,2018,968,hybrid,OWN000189,IN
VEH000399,AP6TZFTZJFBP89796,Audi,A4,2023,77410,hybrid,OWN000373,MO
VEH000400,K6SMRM24A7GR95763,Mercedes,E-Class,2026,87158,diesel,OWN000555,HI
VEH000401,5L2ZF12UZCAU61325,Toyota,Camry,2025,145098,diesel,OWN000081,AR
VEH000402,UXLNN46YUXFK98150,Toyota,Camry,2025,66874,electric,OWN000284,AL
VEH000403,MVSXUAEK7LPR94342,Ford,Explorer,2020,134358,diesel,OWN000768,ID
VEH000404,ZBS738KG7DRZ38785,Mercedes,E-Class,2022,128648,diesel,OWN000136,VA
VEH000405,5TJAF1XU10RT62147,Toyota,Camry,2018,141972,hybrid,OWN000605,PA
VEH000406,B7BY1HX8CYD426939,BMW,5 Series,2018,17989,hybrid,OWN000290,OK
VEH000407,PGM39213FBWD57253,Ford,Mustang,2018,50475,diesel,OWN000613,TN
VEH000408,ABBHL5GFZDZD09071,Honda,Pilot,2025,144846,gasoline,OWN000154,GA
VEH000409,NL34TUK177FK41374,Tesla,Model X,2025,34589,gasoline,OWN000219,PA
VEH000410,M2YJTV5W8MTR63072,Honda,Civic,2018,24417,gasoline,OWN000173,IA
VEH000411,PT6MW1XXEUB289966,Honda,Accord,2024,4070,hybrid,OWN000098,NC
VEH000412,PMRKCJL2E3RL12083,Tesla,Model 3,2023,44287,electric,OWN000536,WY
VEH000413,G7LFF7E1NWKD64374,Toyota,Highlander,2025,24612,gasoline,OWN000269,IN
VEH000414,5W96G43YGZDF03449,Toyota,Camry,2026,104772,gasoline,OWN000505,AK
VEH000415,M7J1WTBXV6DS29715,Tesla,Model 3,2022,9386,electric,OWN000435,FL
VEH000416,ZPHAM4ET6JMY21720,BMW,X5,2019,66169,hybrid,OWN000639,AK
VEH000417,65X2BLXGYTWD87284,Chevrolet,Tahoe,2024,31585,electric,OWN000243,WA
VEH000418,V61VH27C92CP16441,Audi,A6,2018,146557,electric,OWN000288,CT
VEH000419,ET7B70AHAJFM49899,Honda,CR-V,2019,34580,electric,OWN000176,NJ
VEH000420,AWF593ZY0ZTM95609,Toyota,Corolla,2019,108143,hybrid,OWN000103,OR
VEH000421,0ZJJ8ZP5YXDA42310,Audi,A6,2023,129999,hybrid,OWN000019,MT
VEH000422,FSNFPRELCXE258054,Chevrolet,Equinox,2025,48160,diesel,OWN000090,WI
VEH000423,W2KHVZ8X15Z996563,Audi,A6,2019,25665,electric,OWN000276,NE
VEH000424,CBECTVL2WUT691564,Mercedes,E-Class,2019,112134,electric,OWN000800,OK
VEH000425,T354XKB939HK96629,Honda,Accord,2019,9620,hybrid,OWN000676,MA
VEH000426,F1XY1BZEL8D616285,Tesla,Model S,2018,67335,hybrid,OWN000392,CT
VEH000427,M22W3YZFDVYX87017,Tesla,Model 3,2020,36425,diesel,OWN000378,OR
VEH000428,497T58BCTJHP45518,Toyota,Camry,2019,52100,gasoline,OWN000433,NC
VEH000429,MLG2K9DXLMAX28712,Mercedes,C-Class,2021,40265,electric,OWN000392,MA
VEH000430,TKXWZXTF79UZ80914,BMW,X5,2024,25072,electric,OWN000357,MI
VEH000431,Z27KJUH2MHM973257,Chevrolet,Equinox,2026,140758,electric,OWN000089,WV
VEH000432,WJYJXU3SSRM003984,Toyota,Corolla,2024,116959,electric,OWN000563,MA
VEH000433,Z26K7M2V6TAU95950,Ford,Mustang,2019,67590,electric,OWN000517,MO
VEH000434,8VWJPESB0SCP70227,Mercedes,C-Class,2023,35755,hybrid,OWN000276,AK
VEH000435,297SHW00S9PE79700,Toyota,RAV4,2019,20833,electric,OWN000783,HI
VEH000436,A351G1BS57YM57340,Chevrolet,Malibu,2026,121971,electric,OWN000381,UT
VEH000437,JRVKP4N4GVHN03799,Toyota,Camry,2026,69000,electric,OWN000209,FL
VEH000438,HD5M1E1VKYSJ91948,Tesla,Model S,2019,33083,hybrid,OWN000137,MN
VEH000439,SVVCFB9SVBVX12527,Tesla,Model 3,2019,87836,hybrid,OWN000758,VA
VEH000440,TGZVALPD7SR885793,BMW,X5,2023,27440,gasoline,OWN000495,WI
VEH000441,DJUATC1SJPYX32305,BMW,X5,2018,111537,hybrid,OWN000148,OK
VEH000442,XFR6RR3L34U179075,Ford,Escape,2025,35977,gasoline,OWN000406,KY
VEH000443,Y93S8H0425L199038,BMW,X5,2022,5695,electric,OWN000052,AZ
VEH000444,RU50UJXSCMUR60419,BMW,X5,2023,103712,electric,OWN000040,NC
VEH000445,FF0MEK90T3PG04417,Mercedes,E-Class,2019,134168,gasoline,OWN000067,MN
VEH000446,7HV77W3YE4HH94905,Mercedes,C-Class,2024,60893,gasoline,OWN000223,NH
VEH000447,8XBWHU5MATR489812,Honda,Civic,2018,134924,diesel,OWN000483,WY
VEH000448,JZP1GHG9HLPV34555,Toyota,RAV4,2025,98182,hybrid,OWN000473,MT
VEH000449,9LWPJRAC1VML25390,Honda,Civic,2025,24811,gasoline,OWN000718,SD
VEH000450,WBE5LN7S0SCF56326,BMW,3 Series,2022,111789,gasoline,OWN000396,PA
VEH000451,CXA01TTSAGRM03606,Toyota,Camry,2025,39297,gasoline,OWN000747,KY
VEH000452,SKVN977WPZPX75004,Honda,Accord,2023,46227,diesel,OWN000270,AZ
VEH000453,A4R7SFVVMKLU88267,BMW,X3,2018,61557,gasoline,OWN000219,OK
VEH000454,4CNRA0007ZZG92564,Audi,A4,2022,17429,gasoline,OWN000323,NE
VEH000455,BMN3UATA0ETY82999,BMW,X3,2020,112611,hybrid,OWN000035,SD
VEH000456,T0L8B92JYTG615442,Audi,Q7,2023,42221,hybrid,OWN000756,ID
VEH000457,6PT2GSPK2VUP11212,Tesla,Model 3,2022,144126,electric,OWN000337,AK
VEH000458,YDK8D4G1YNC608218,Mercedes,GLC,2023,65554,hybrid,OWN000095,SC
VEH000459,SADEBCH4KTYN85268,Audi,Q7,2025,106587,electric,OWN000482,NE
VEH000460,BNJGCRDY89F343184,Mercedes,GLC,2020,126683,hybrid,OWN000065,NY
VEH000461,0NFVJ4K234MS08862,Tesla,Model Y,2022,138340,hybrid,OWN000443,TX
VEH000462,YAJ3LTR668Z696830,Mercedes,E-Class,2019,28664,electric,OWN000121,TX
VEH000463,YT3WXLGYJECT91497,Honda,Accord,2020,128895,gasoline,OWN000453,KY
VEH000464,8EWRXUHUUKJW96003,Audi,A6,2020,82081,gasoline,OWN000537,WV
VEH000465,8RFHYP4FS7GU81044,Honda,Pilot,2026,136777,hybrid,OWN000547,CA
VEH000466,R1C1EYDC2GFM94313,Mercedes,GLE,2023,146650,diesel,OWN000186,AL
VEH000467,WC99SYF7Z0R291981,Ford,Explorer,2019,55780,gasoline,OWN000220,MN
VEH000468,5YGX88Y16VA989321,Mercedes,E-Class,2024,93054,gasoline,OWN000773,WI
VEH000469,16K9GJ55CBU338820,Tesla,Model Y,2018,89666,gasoline,OWN000690,OH
VEH000470,Z1F08209TLHC73430,Audi,A6,2024,59326,diesel,OWN000325,AZ
VEH000471,0K97GHEZTKZH80021,Toyota,Highlander,2020,11778,gasoline,OWN000218,AL
VEH000472,11D6XCA64CBL20849,Ford,Explorer,2022,49710,diesel,OWN000538,UT
VEH000473,5RUKWKL9WTEK94823,Chevrolet,Malibu,2019,107680,hybrid,OWN000473,VA
VEH000474,ZU3NRAT4KNS546656,Chevrolet,Tahoe,2023,3411,diesel,OWN000220,NC
VEH000475,W7VGZE0MTCPH40940,Mercedes,E-Class,2020,36334,diesel,OWN000531,PA
VEH000476,3RUMJJVF3TXZ69501,Audi,Q5,2022,76319,hybrid,OWN000510,NY
VEH000477,CURL6Z5BMCAV84037,Toyota,Corolla,2025,135888,hybrid,OWN000477,VA
VEH000478,3T6KB8CS5YP380427,Toyota,Highlander,2025,19102,gasoline,OWN000387,NC
VEH000479,RE857LTF4LF655030,Chevrolet,Equinox,2026,16040,diesel,OWN000680,NE
VEH000480,SA49X120RYUF72731,Ford,Mustang,2019,129212,gasoline,OWN000293,IN
VEH000481,FS20EU25T7HY21556,BMW,X3,2020,7371,diesel,OWN000313,MO
VEH000482,8XE0H0Z4NCCW39035,Chevrolet,Silverado,2024,26971,hybrid,OWN000617,VA
VEH000483,WLCMAS2AA3DA51590,Toyota,Highlander,2025,28154,diesel,OWN000317,OH
VEH000484,8HNXVH2PS5NY54351,Mercedes,C-Class,2026,54430,gasoline,OWN000542,AR
VEH000485,UTFBJMFYKTBC25066,Ford,Explorer,2024,11573,diesel,OWN000079,PA
VEH000486,PJ60PW4YR1HW65472,Honda,Civic,2022,112334,diesel,OWN000012,MO
VEH000487,XC3X62D2UPW804142,Tesla,Model S,2020,19434,electric,OWN000654,NH
VEH000488,S3BTTAJ6Y6G633078,Ford,Explorer,2018,76638,hybrid,OWN000024,IA
VEH000489,8RE399SAW2GU00523,Mercedes,C-Class,2020,91141,diesel,OWN000455,RI
VEH000490,9UP7MMV501W284671,Tesla,Model Y,2024,95355,diesel,OWN000671,IL
VEH000491,RJKW0K8GLEVU14361,Tesla,Model Y,2025,70415,gasoline,OWN000142,ID
VEH000492,W5JRP0E0XRB981946,Toyota,RAV4,2026,27398,electric,OWN000751,NV
VEH000493,CK2CCFXYE8KD94182,Ford,Explorer,2026,11551,diesel,OWN000741,NE
VEH000494,P8TRSZ6R3CMR43606,Audi,Q7,2021,72131,gasoline,OWN000133,WY
VEH000495,XU4LT57K1YGR94948,Audi,Q5,2021,82606,gasoline,OWN000664,OK
VEH000496,NW5D96KS03UX92418,Honda,CR-V,2023,100343,hybrid,OWN000178,UT
VEH000497,UG6PY72817T305742,Toyota,Camry,2023,146034,gasoline,OWN000749,ME
VEH000498,XBCZDFKRN5Z694335,BMW,5 Series,2021,40786,gasoline,OWN000082,CO
VEH000499,MCAJXX507SGD20987,Audi,Q5,2019,16760,electric,OWN000245,MN
VEH000500,WPU9AN0KLAEG88533,Honda,Civic,2025,77824,gasoline,OWN000606,NJ
VEH000501,VZDNYDXT6NWP89780,Chevrolet,Tahoe,2025,52866,hybrid,OWN000509,ID
VEH000502,6EGSPYD6WKDW96874,Audi,A6,2019,58480,electric,OWN000217,WY
VEH000503,ZL5NCDBK3MBB73868,Honda,Pilot,2026,46290,hybrid,OWN000129,OH
VEH000504,7VU44PZD81SJ76494,Toyota,Highlander,2022,63307,diesel,OWN000410,IL
VEH000505,525V1M89ZYCX51363,Honda,CR-V,2018,52629,diesel,OWN000500,RI
VEH000506,4SHMSU37Y3HT46620,Honda,CR-V,2024,76269,electric,OWN000754,MA
VEH000507,5S00VMFE3XKJ94923,Mercedes,GLE,2022,9954,hybrid,OWN000107,OH
VEH000508,8HVBW34W54Z708311,Tesla,Model X,2018,5542,hybrid,OWN000568,SC
VEH000509,SN89KNR4NWLC10375,Ford,Mustang,2021,25739,electric,OWN000476,IL
VEH000510,GUKWAG8VSZRD14810,Honda,CR-V,2026,72661,diesel,OWN000455,OR
VEH000511,4W7HS8TNHVXH65753,Honda,Accord,2024,101694,electric,OWN000346,ND
VEH000512,8MJ44Y0KA2UX28515,Ford,Escape,2020,135457,diesel,OWN000764,ID
VEH000513,B3ZLC8XK28Z953781,BMW,3 Series,2019,131470,hybrid,OWN000724,OK
VEH000514,HTBTS074XMP358151,Honda,CR-V,2019,118470,hybrid,OWN000497,CT
VEH000515,EELALNVCMNAY42026,Mercedes,GLC,2023,72712,electric,OWN000390,OH
VEH000516,KDJ82MDBH5NZ60637,Toyota,Highlander,2019,130770,diesel,OWN000341,WA
VEH000517,RF58SSS4XYEY02349,Chevrolet,Tahoe,2021,79830,diesel,OWN000203,KS
VEH000518,7C87SKCLAWAU81494,Chevrolet,Equinox,2019,105611,electric,OWN000669,WY
VEH000519,PB3DR8BR83ZN57017,Tesla,Model S,2023,104810,electric,OWN000609,AR
VEH000520,W9C3LPHMHFM651634,Toyota,Corolla,2022,70973,gasoline,OWN000409,CT
VEH000521,GS38UFWR35HM45049,BMW,3 Series,2018,36863,hybrid,OWN000444,FL
VEH000522,SHFY0BPDHWKS79188,Tesla,Model Y,2020,129177,electric,OWN000081,NY
VEH000523,0TP3DUNS8VXZ66377,BMW,X5,2021,70178,electric,OWN000137,MS
VEH000524,Z3C7FLJFX2L890393,Tesla,Model Y,2024,77799,hybrid,OWN000087,NH
VEH000525,AHN0P9MWP1DH54198,Chevrolet,Silverado,2018,16527,gasoline,OWN000521,IN
VEH000526,470KBB0PW4NG10079,Honda,Pilot,2018,31888,diesel,OWN000248,AK
VEH000527,T16BE6HVVGV559011,Chevrolet,Malibu,2019,66105,electric,OWN000601,CT
VEH000528,RTYPFGDEBCG079241,Audi,Q7,2023,77925,diesel,OWN000437,ME
VEH000529,J2Z1ZVUZF7PF84130,Toyota,RAV4,2020,56607,gasoline,OWN000228,AL
VEH000530,2KE9L9ENWULW63892,Mercedes,GLC,2026,138585,diesel,OWN000526,CT
VEH000531,M8DK7B2KT1H427083,Audi,A6,2020,17430,gasoline,OWN000440,ND
VEH000532,RL9JA8U1R2V458461,BMW,3 Series,2025,28209,diesel,OWN000684,ME
VEH000533,0TZFBK68DUFY85120,BMW,X3,2023,123309,electric,OWN000675,MA
VEH000534,G7C4UBF0SGAV08796,Mercedes,GLC,2026,28549,gasoline,OWN000067,KS
VEH000535,PP230EYDZADN20357,Chevrolet,Equinox,2023,103542,diesel,OWN000244,NC
VEH000536,K8DE45NMFVD959903,Toyota,RAV4,2025,26821,hybrid,OWN000795,OH
VEH000537,ZKLJKEPCD2L235370,Tesla,Model Y,2020,15508,hybrid,OWN000547,AR
VEH000538,X5RRM1K3R2VV90329,Toyota,Camry,2023,23230,gasoline,OWN000590,MO
VEH000539,61KRX8NWHJBB28576,Mercedes,GLC,2025,33589,diesel,OWN000162,ID
VEH000540,Y82ZSSDCG2PN73493,Chevrolet,Malibu,2018,35319,hybrid,OWN000397,AK
VEH000541,82X67RWYLNFH04687,Mercedes,E-Class,2020,76776,gasoline,OWN000092,NE
VEH000542,R1BP95HN90MV69927,Tesla,Model X,2025,968,hybrid,OWN000091,HI
VEH000543,RWSCU9UT7ZG727502,Audi,A4,2018,121687,diesel,OWN000763,AZ
VEH000544,EAWH78CV5RD541807,Audi,A6,2019,14847,electric,OWN000718,AR
VEH000545,9J2CGYM2RUE523919,BMW,5 Series,2021,14034,electric,OWN000515,TN
VEH000546,VDD4SUA0ZRHP27613,BMW,X5,2022,126648,electric,OWN000009,KS
VEH000547,JKWMG00KWDHZ61295,Honda,Accord,2023,128519,gasoline,OWN000131,IL
VEH000548,7UG8XYBPY1CH04300,Audi,Q7,2025,123953,electric,OWN000105,NV
VEH000549,ATEJLFUPHGNB89941,Audi,Q7,2025,107321,gasoline,OWN000074,ID
VEH000550,XDZ5KGBRAJHJ90322,Audi,Q5,2026,63960,electric,OWN000304,IN
VEH000551,NMTUUSS9R9UK33278,Ford,F-150,2022,15031,diesel,OWN000256,AK
VEH000552,5V5Z983SW5XK74057,Toyota,Corolla,2021,112768,gasoline,OWN000075,VA
VEH000553,WDT1B50Z7MYJ52948,Chevrolet,Malibu,2025,99608,hybrid,OWN000116,AR
VEH000554,CZU6DEK8Z6WF48385,BMW,X5,2024,96995,diesel,OWN000281,CO
VEH000555,B8X68VRN3SJ819813,Ford,Mustang,2020,33256,electric,OWN000466,KS
VEH000556,RZBE3T6X2LPM46384,Mercedes,GLE,2019,106140,electric,OWN000160,WY
VEH000557,BADPEXA60HNZ17149,BMW,5 Series,2023,107413,hybrid,OWN000143,OR
VEH000558,0LJ59R6SU7LL42570,Ford,Mustang,2018,111936,diesel,OWN000259,CO
VEH000559,HWNH9CR2B4YV40543,Honda,CR-V,2023,98341,electric,OWN000076,MI
VEH000560,RJXPTU70KHX809149,Mercedes,E-Class,2020,107658,gasoline,OWN000460,SC
VEH000561,0AABSL97RVCX48409,Ford,F-150,2021,42708,electric,OWN000235,IN
VEH000562,FB2YKB4WP7BR49776,BMW,X3,2023,29719,gasoline,OWN000404,PA
VEH000563,UF0KRVRC87F920746,Tesla,Model Y,2023,1038,electric,OWN000748,NM
VEH000564,10KC1NW4DENM61564,BMW,X5,2022,41489,electric,OWN000455,NC
VEH000565,W57GX2JRC9AA28538,Audi,A6,2020,75516,hybrid,OWN000576,NM
VEH000566,93J4XWW0HEZA36832,Toyota,Corolla,2018,117165,hybrid,OWN000341,MS
VEH000567,KVVRCN3WGVZN74908,Ford,Mustang,2024,48275,gasoline,OWN000204,MI
VEH000568,3TN6H3SC24FH13143,Mercedes,GLC,2020,110079,diesel,OWN000578,CO
VEH000569,K0MWLCLRJ7SZ84469,Audi,Q7,2023,61238,diesel,OWN000284,TX
VEH000570,BBBJFA2F9RYT16958,Toyota,Camry,2026,96506,diesel,OWN000179,WY
VEH000571,X6AA1D4XE2B770871,Honda,CR-V,2019,13564,electric,OWN000582,OR
VEH000572,X3BV5G4P1SRJ06029,Ford,Explorer,2026,123481,diesel,OWN000639,OH
VEH000573,300NCUFCEPPF47584,Tesla,Model 3,2024,73370,electric,OWN000128,WA
VEH000574,W7AN5JCM6SWT96803,Ford,Escape,2020,17169,gasoline,OWN000293,ID
VEH000575,BBA5MTFB0SZX42106,Honda,Pilot,2021,30396,diesel,OWN000293,AK
VEH000576,FEPEH53JVEAP19034,Toyota,Highlander,2025,43867,electric,OWN000464,WV
VEH000577,GF470U173SYH26586,Toyota,Highlander,2024,108083,gasoline,OWN000697,WA
VEH000578,Y9ZABTBSFCG792904,BMW,X5,2024,96255,hybrid,OWN000245,NY
VEH000579,JBLZGZ0BDAYV46003,Honda,Pilot,2021,146503,gasoline,OWN000358,NC
VEH000580,RNLWD7V9LTJ264108,BMW,5 Series,2022,1987,electric,OWN000012,CT
VEH000581,1AP0UJ6DFPL008000,Toyota,Camry,2019,120596,hybrid,OWN000107,SC
VEH000582,GUX9XUUCPHYU75619,Mercedes,GLC,2024,2780,electric,OWN000194,SC
VEH000583,YAFELR5M74K374486,Honda,Pilot,2018,115953,diesel,OWN000104,MN
VEH000584,CZLPJW6WA4B903614,BMW,X5,2019,130669,electric,OWN000154,NJ
VEH000585,88M3CB6GVXRM41579,Tesla,Model S,2025,128510,diesel,OWN000339,SC
VEH000586,ZFERZS2MBPYH37820,Chevrolet,Equinox,2026,92373,diesel,OWN000094,NY
VEH000587,A9UWZMH7H6X048885,Honda,Accord,2020,59564,hybrid,OWN000594,AK
VEH000588,3W1HJ1MP4KPU77997,Tesla,Model X,2021,107994,hybrid,OWN000140,IN
VEH000589,J20CPGVVVMXD12516,Chevrolet,Silverado,2024,96977,hybrid,OWN000412,RI
VEH000590,1C0M8NEFH1GX64060,Mercedes,C-Class,2025,147122,electric,OWN000662,AR
VEH000591,5J3YHBU9SFSE97123,Chevrolet,Equinox,2019,130315,electric,OWN000738,HI
VEH000592,9U4V4KSGWVCN03717,Ford,Explorer,2023,71715,diesel,OWN000288,NH
VEH000593,KP4JLGLJJ0CN91986,Ford,F-150,2019,81173,gasoline,OWN000583,MI
VEH000594,HK67SSTC47PF20385,Ford,F-150,2018,137521,hybrid,OWN000197,AL
VEH000595,PCUM0Y1C60DE33143,Mercedes,E-Class,2018,130223,diesel,OWN000059,AR
VEH000596,59NJN2CL8HZK65348,Chevrolet,Malibu,2023,125152,electric,OWN000012,AL
VEH000597,WP87FVZK6CM572341,Audi,Q7,2023,38627,gasoline,OWN000757,WY
VEH000598,29BNPAKMXKYN61677,Honda,Civic,2019,37368,hybrid,OWN000702,AL
VEH000599,V36LMAES8VE029074,BMW,3 Series,2025,66031,diesel,OWN000707,MS
VEH000600,LHLW2MBK34MT52871,Ford,Escape,2023,89815,diesel,OWN000156,IA
VEH000601,7J6U8ZDG0SGM88387,Toyota,RAV4,2020,130318,electric,OWN000764,MA
VEH000602,8XUL5GKWA5E391574,Audi,Q7,2021,134195,electric,OWN000492,KS
VEH000603,RPEP962BD1PZ77073,Honda,Pilot,2026,146903,electric,OWN000184,NJ
VEH000604,S29GRRP9TKGE41824,Audi,A4,2018,38861,diesel,OWN000121,VT
VEH000605,BKCB2T1DDPFR96691,BMW,5 Series,2026,133471,gasoline,OWN000788,OH
VEH000606,E3MVNNCV6YRC93609,Mercedes,GLC,2018,135159,diesel,OWN000287,ME
VEH000607,FP6PH4GZ1ZEF03867,Tesla,Model X,2019,95447,gasoline,OWN000473,FL
VEH000608,PVYJM3FSY8H658910,Toyota,Corolla,2022,76334,electric,OWN000236,LA
VEH000609,MCGUY54VR8LJ93775,Honda,Pilot,2025,16614,diesel,OWN000142,RI
VEH000610,6Z197D2YV1HH57951,BMW,3 Series,2019,71239,gasoline,OWN000168,NJ
VEH000611,P76E5N5FDVJA67948,Tesla,Model S,2023,107240,hybrid,OWN000369,MA
VEH000612,6T45K9BECGFS95718,BMW,X5,2021,14672,gasoline,OWN000183,LA
VEH000613,64BFHKBF20K109576,Honda,Accord,2026,36576,electric,OWN000119,RI
VEH000614,A9U9XSC0KBAB05444,Chevrolet,Equinox,2022,92330,hybrid,OWN000023,KY
VEH000615,R1BKVC6YR4J402976,Mercedes,GLC,2019,44259,electric,OWN000430,MI
VEH000616,ADK3X9Y48HX558029,Tesla,Model Y,2018,138708,gasoline,OWN000503,AZ
VEH000617,A651DKMFBZGR46433,Tesla,Model X,2018,106331,hybrid,OWN000643,NV
VEH000618,89ZKJN66V2PK93852,Ford,F-150,2024,24370,hybrid,OWN000103,CT
VEH000619,48Y0TBKJX7V519655,Chevrolet,Malibu,2022,110361,gasoline,OWN000153,SC
VEH000620,8NW6X7R80GM540075,Chevrolet,Silverado,2021,113711,electric,OWN000040,AR
VEH000621,5UE70UR5RRMV22386,Mercedes,E-Class,2022,102836,diesel,OWN000094,MA
VEH000622,X8C6J2JBYNB142106,Tesla,Model S,2025,10108,diesel,OWN000255,MN
VEH000623,22RF2MSBZRW779121,Tesla,Model Y,2023,124480,electric,OWN000360,SD
VEH000624,4M0PE1BRHNA467367,Ford,F-150,2021,46276,diesel,OWN000469,OK
VEH000625,90CWP9T17CV519186,Audi,Q5,2019,75422,hybrid,OWN000081,KY
VEH000626,3FP783P98HRN12506,Audi,A6,2020,44900,hybrid,OWN000393,WI
VEH000627,749RY94PMRG311070,Mercedes,GLC,2021,122299,hybrid,OWN000256,WI
VEH000628,ARXDFEGVWTF070228,BMW,3 Series,2024,30295,diesel,OWN000176,CO
VEH000629,5LJU4HNYJSPN47524,Toyota,RAV4,2022,107760,diesel,OWN000559,PA
VEH000630,BU9WUA138NJD31922,Audi,A4,2026,5740,gasoline,OWN000626,ID
VEH000631,62Z44ZM90NDD96058,Toyota,RAV4,2021,4349,diesel,OWN000476,NV
VEH000632,92SF0HGNU6XU23176,Mercedes,GLC,2023,37137,hybrid,OWN000749,NC
VEH000633,M0M32HF9Y0P185311,Toyota,Camry,2021,145988,gasoline,OWN000443,MT
VEH000634,W5FEL7YACDJ902404,Audi,A4,2020,3838,electric,OWN000316,MA
VEH000635,0VYKNYF2XHXD59511,Toyota,Corolla,2019,1004,hybrid,OWN000245,AR
VEH000636,FENTTW3X5XKE08983,BMW,5 Series,2021,5216,hybrid,OWN000180,WA
VEH000637,NCYLPATN1GAK82354,Toyota,Corolla,2021,51782,hybrid,OWN000570,AL
VEH000638,Y151FTZ9SXZK74919,BMW,5 Series,2019,65644,hybrid,OWN000095,SC
VEH000639,4XN3G82ZRMKG42881,Ford,Escape,2023,136485,electric,OWN000152,NV
VEH000640,ZGDBUK5XWMSZ70887,Toyota,Corolla,2022,71592,diesel,OWN000440,WY
VEH000641,96U4D7T39HP535086,Mercedes,E-Class,2026,55090,diesel,OWN000714,CA
VEH000642,MASSXWWM05RH56043,Honda,Pilot,2022,11464,diesel,OWN000027,NJ
VEH000643,6ZLNDUW3YAKB64576,Mercedes,GLC,2023,101585,gasoline,OWN000044,GA
VEH000644,D6795FL1M3AU05895,BMW,3 Series,2021,128438,electric,OWN000148,AZ
VEH000645,XJ0XNN3MZVYU21213,Toyota,Highlander,2022,20605,diesel,OWN000397,SD
VEH000646,WF6BJ3LL6FGG29589,Audi,A6,2025,15413,electric,OWN000448,OH
VEH000647,R7VT9SCM08RU04222,BMW,X5,2025,79263,hybrid,OWN000376,KS
VEH000648,0WRSLLTW2GZT41455,BMW,3 Series,2021,42044,electric,OWN000231,SD
VEH000649,DUJ73L564YVG21631,BMW,X3,2018,50985,electric,OWN000037,OH
VEH000650,5RES3N3AKRPF37888,BMW,5 Series,2024,127509,diesel,OWN000071,IA
VEH000651,NSCKEVA61VDY24180,Tesla,Model X,2022,33425,gasoline,OWN000249,MO
VEH000652,4CL52C1FRFWD63508,Honda,Accord,2026,84104,gasoline,OWN000242,AR
VEH000653,14SES231GHS941833,Mercedes,GLC,2025,29086,gasoline,OWN000696,TN
VEH000654,3784JLL4HHSH95080,Mercedes,E-Class,2022,121300,diesel,OWN000438,ND
VEH000655,05AVY2RUFDJB88054,Ford,Mustang,2018,134005,hybrid,OWN000694,OH
VEH000656,B6EG53K0YXT287484,Toyota,Corolla,2022,55442,diesel,OWN000383,GA
VEH000657,59VU97JE1BZJ57684,Chevrolet,Tahoe,2018,74786,gasoline,OWN000623,AR
VEH000658,5E1SD8B2CLKN49204,Toyota,Highlander,2023,67383,electric,OWN000141,UT
VEH000659,F0N72BZZLWBB52010,Mercedes,E-Class,2019,49420,hybrid,OWN000745,IL
VEH000660,VP8D1BV1X4UV55147,Ford,F-150,2021,76044,gasoline,OWN000103,RI
VEH000661,J3SPY4NNAVYX12284,Mercedes,C-Class,2020,32322,gasoline,OWN000074,SD
VEH000662,J56UHMXJPHVD57246,Chevrolet,Tahoe,2023,94531,electric,OWN000140,MA
VEH000663,RT065NSBT7BY59568,Audi,Q7,2024,29916,gasoline,OWN000667,NC
VEH000664,ADB2SR2MLMMV97792,BMW,X5,2022,85736,gasoline,OWN000362,AR
VEH000665,S9GX860YN5J287411,Ford,Explorer,2020,66100,electric,OWN000026,CO
VEH000666,5Y4B454L2ZN564914,Mercedes,C-Class,2021,6274,electric,OWN000275,NC
VEH000667,14L5VNDE9FRR55742,BMW,X5,2021,99621,electric,OWN000719,OK
VEH000668,32XDPFCYGBL967630,Toyota,RAV4,2026,10844,diesel,OWN000761,WI
VEH000669,V6FYFTP39DME57755,Toyota,RAV4,2023,35410,diesel,OWN000788,MT
VEH000670,0ZB3A2JH20KB71545,Ford,Mustang,2020,79287,electric,OWN000168,ME
VEH000671,5UB2BHVYM3D464016,BMW,X5,2025,39097,diesel,OWN000016,DE
VEH000672,V7ZDL6J9Z6BR27304,BMW,3 Series,2023,23440,gasoline,OWN000584,CA
VEH000673,BXA4LZ0HGLFL54694,Chevrolet,Silverado,2025,25540,electric,OWN000165,KS
VEH000674,XK23A08WKLG246768,Tesla,Model X,2022,23054,gasoline,OWN000749,OR
VEH000675,U0AX1Y730XFA36806,Honda,Accord,2025,98612,gasoline,OWN000658,VT
VEH000676,JFRFSX5J7JT851563,Tesla,Model S,2024,68240,hybrid,OWN000118,NM
VEH000677,CMYCRRXYGJUP50668,Toyota,RAV4,2022,172,gasoline,OWN000253,MS
VEH000678,PDVC7JTJ89MC61308,Ford,Escape,2023,126179,electric,OWN000671,ME
VEH000679,NFAB4P632XJE85145,Toyota,Corolla,2020,20729,electric,OWN000071,IA
VEH000680,BF76WC09C9J961088,Mercedes,GLC,2019,108313,diesel,OWN000199,AZ
VEH000681,1DP4VN9TE9DC93465,Chevrolet,Silverado,2019,79170,diesel,OWN000527,GA
VEH000682,H4TC5Z1NMSC802335,Honda,Pilot,2026,17694,hybrid,OWN000521,OK
VEH000683,DP34JLFPZSYL26366,Audi,A4,2026,41267,gasoline,OWN000002,WI
VEH000684,MGXNAYSKV1R692835,Chevrolet,Equinox,2023,66191,hybrid,OWN000261,RI
VEH000685,F0LAPZY4T9CR00243,Toyota,Corolla,2025,141784,hybrid,OWN000183,CT
VEH000686,E0GZ5A7GSWPS49675,Toyota,Camry,2025,38599,hybrid,OWN000563,SD
VEH000687,AMEVZ1RLA7RL19713,BMW,X3,2022,49787,hybrid,OWN000530,LA
VEH000688,DCVY2MDBRGTU15559,BMW,5 Series,2019,38493,hybrid,OWN000365,NV
VEH000689,CMSL0YNZB6V735943,Honda,Civic,2018,67453,electric,OWN000289,VT
VEH000690,PD690MEJDAZP90729,Chevrolet,Malibu,2024,128896,electric,OWN000168,ID
VEH000691,WE0YMZ55XSFU94427,Mercedes,GLE,2023,149788,gasoline,OWN000646,NJ
VEH000692,RDU1W6LV3RAW07148,Toyota,RAV4,2023,129932,diesel,OWN000543,RI
VEH000693,CSAXJ5P0Z2DW08372,Chevrolet,Silverado,2018,57618,hybrid,OWN000545,MA
VEH000694,1N0JDDZ2GZAL14721,Honda,Pilot,2024,45364,diesel,OWN000560,AK
VEH000695,ER9SEG7LU4D297435,Toyota,Camry,2018,27567,hybrid,OWN000145,SD
VEH000696,UC6EA1HGB8WK15891,Ford,Explorer,2022,122630,gasoline,OWN000427,IN
VEH000697,P7EYZLGKZMDP06641,Toyota,Camry,2026,27411,gasoline,OWN000671,VT
VEH000698,H85UN7MVHAEX79735,Audi,A4,2019,3774,diesel,OWN000585,ID
VEH000699,388FDJW3PAZ663479,Ford,F-150,2020,41476,electric,OWN000220,AL
VEH000700,GJE0SAZBY1ZS79633,Toyota,Corolla,2024,119806,diesel,OWN000152,SC
VEH000701,27B9SCDHJBBL91268,Tesla,Model S,2024,100736,gasoline,OWN000050,NJ
VEH000702,A10MSYNSSMC005600,Audi,A6,2024,142766,electric,OWN000507,NJ
VEH000703,28RG5R2KHBB630071,Audi,Q5,2026,94977,gasoline,OWN000036,DE
VEH000704,BD26H8F6S6VM78522,Chevrolet,Malibu,2019,82783,diesel,OWN000323,CA
VEH000705,0LA6BJFA29G804405,Toyota,Corolla,2023,129444,gasoline,OWN000606,AL
VEH000706,JMVMAV0SG5RW06662,BMW,3 Series,2020,57078,electric,OWN000217,WI
VEH000707,MXGK4RAVX7DF90064,Chevrolet,Equinox,2022,67614,hybrid,OWN000706,VT
VEH000708,1LB4BJYJ11GN58056,Audi,A6,2019,5691,electric,OWN000050,WV
VEH000709,WFBKRX99CFRF31635,Toyota,Camry,2020,34507,gasoline,OWN000025,OH
VEH000710,3N3K7BF958SK67130,Audi,A4,2021,84478,diesel,OWN000085,MA
VEH000711,YMPC07F17VLM91690,Audi,Q7,2019,134868,electric,OWN000141,NH
VEH000712,9PGPAX2ZW1WK11663,Toyota,Highlander,2025,22792,hybrid,OWN000521,VA
VEH000713,UFBJ2P5XJ9VA89573,Ford,Explorer,2026,60008,hybrid,OWN000502,UT
VEH000714,KC6EP7Y58XLR99824,Tesla,Model 3,2022,103073,hybrid,OWN000671,VA
VEH000715,ZRFHA6MVD3DP49938,BMW,5 Series,2025,77783,gasoline,OWN000290,OK
VEH000716,HCMHKUWUZMYY92763,Tesla,Model X,2025,103849,gasoline,OWN000671,GA
VEH000717,R5LFBPE0DARG30938,Ford,Explorer,2025,38685,diesel,OWN000154,ND
VEH000718,PE7B40ADGMY730985,Ford,Mustang,2019,34478,electric,OWN000775,LA
VEH000719,2RZCL0KMVESZ93452,Chevrolet,Tahoe,2026,102224,hybrid,OWN000583,MI
VEH000720,W2VE9T8SVYE726835,Honda,Pilot,2022,126357,diesel,OWN000625,WI
VEH000721,N7FLBRWGC0CZ29751,Chevrolet,Silverado,2026,23017,diesel,OWN000439,RI
VEH000722,VSPLNAYW79LU88745,Ford,F-150,2018,45557,diesel,OWN000241,TN
VEH000723,4CH2WEMDLADZ40781,Ford,Explorer,2024,30942,gasoline,OWN000155,VT
VEH000724,2DZ6KVXUU6GU46428,BMW,X3,2020,7079,hybrid,OWN000718,OH
VEH000725,YSDVS1KBXHZ430456,BMW,X3,2019,122895,electric,OWN000039,IL
VEH000726,HP23N7NYUSUU49061,BMW,5 Series,2018,3778,gasoline,OWN000755,MD
VEH000727,JCPKC703S3LX77468,Ford,F-150,2025,147304,electric,OWN000618,NC
VEH000728,L82DG2GB8NH500268,BMW,X5,2025,93480,gasoline,OWN000515,NC
VEH000729,FR5MRXZTSPYV32150,Honda,Civic,2025,46004,diesel,OWN000375,MA
VEH000730,PJG7URNW85M748028,Audi,A6,2024,143764,hybrid,OWN000789,KY
VEH000731,DY1RX9XUTCEG46544,Tesla,Model 3,2025,51309,diesel,OWN000558,TX
VEH000732,6UERKK36J9BP27970,BMW,3 Series,2022,127153,gasoline,OWN000464,MT
VEH000733,XK38XPTD7AG967926,Toyota,Camry,2023,66372,hybrid,OWN000413,KY
VEH000734,4DSXXF30VVEY31177,Toyota,RAV4,2023,21313,electric,OWN000518,OK
VEH000735,S0Z1V0BNYBDD06207,Mercedes,E-Class,2022,14472,electric,OWN000645,AK
VEH000736,3YCZ5GYFB8LW35648,Mercedes,GLC,2020,22732,diesel,OWN000741,PA
VEH000737,MF8WAL764GRR19455,Honda,Civic,2025,67412,diesel,OWN000087,WV
VEH000738,PDGSYHJW5DVK90560,Ford,F-150,2025,13138,gasoline,OWN000423,OR
VEH000739,XUU54LP3ZUJS27257,BMW,X3,2019,85559,electric,OWN000575,VT
VEH000740,0Y593EBNFXB404407,BMW,5 Series,2023,63387,hybrid,OWN000605,AK
VEH000741,7W2R5SN74MFM72833,Chevrolet,Malibu,2023,126416,electric,OWN000624,IA
VEH000742,49SNSUJTMXBX62109,Chevrolet,Silverado,2019,88342,electric,OWN000719,ID
VEH000743,AGH5G238BJMU95500,Ford,Explorer,2019,81065,gasoline,OWN000005,FL
VEH000744,HZWU3U2VNRMT70227,Toyota,Corolla,2019,43603,gasoline,OWN000523,OK
VEH000745,RB99XM10C0TR88241,Mercedes,C-Class,2020,28793,hybrid,OWN000519,MA
VEH000746,JFWXPY25VGBG27148,Honda,Accord,2023,95628,hybrid,OWN000175,VA
VEH000747,4U6DN5KWP7EL45211,BMW,X3,2022,100604,hybrid,OWN000527,KY
VEH000748,2RBUYNXL8DS905716,Mercedes,GLC,2020,99408,electric,OWN000149,WA
VEH000749,5DV8BYVSMYEX75570,Chevrolet,Silverado,2022,95633,diesel,OWN000173,NH
VEH000750,ASCC99CDEGEJ84786,Honda,Accord,2021,38486,hybrid,OWN000303,VT
VEH000751,4ZZ5FXZYN7JH58872,Audi,A4,2024,145647,diesel,OWN000457,ND
VEH000752,0YDFTJ62L3PH92963,Audi,A6,2019,117164,gasoline,OWN000782,UT
VEH000753,1FSSFK07P9ZR73574,Chevrolet,Silverado,2023,135920,electric,OWN000254,WA
VEH000754,PUZPUMZDD9DN61378,Tesla,Model 3,2019,13972,gasoline,OWN000614,MA
VEH000755,U82MBUYN08SA95474,Audi,Q7,2026,147213,electric,OWN000676,NE
VEH000756,0G5JA6ZK1PTP11695,Ford,Escape,2020,137556,diesel,OWN000618,CT
VEH000757,J2SBN7R01JL730971,Mercedes,GLC,2019,144637,hybrid,OWN000664,GA
VEH000758,JJ5U4EVZJ0VD06413,Ford,Escape,2018,141980,gasoline,OWN000378,NV
VEH000759,PC83P6P75CC266631,Chevrolet,Silverado,2026,3448,diesel,OWN000576,NE
VEH000760,7E3J070GUHAR94158,Chevrolet,Malibu,2026,101919,gasoline,OWN000254,AK
VEH000761,FR4KG0BU62SM23900,Audi,Q7,2022,15336,diesel,OWN000032,WY
VEH000762,NCPL2KUBUMD758076,Toyota,Camry,2024,11916,electric,OWN000015,MI
VEH000763,DWBG4A9CVWFW12707,Tesla,Model X,2020,131897,diesel,OWN000639,ID
VEH000764,17TMYBNM9ZU560124,Toyota,Highlander,2018,116976,diesel,OWN000210,ME
VEH000765,2WB6N15WZ7NP73455,BMW,5 Series,2022,14359,hybrid,OWN000342,MA
VEH000766,EV7GSD0ZE5HU75721,Tesla,Model 3,2021,39321,diesel,OWN000694,FL
VEH000767,NGW65LTLRFS031401,Mercedes,GLE,2018,16564,gasoline,OWN000799,AK
VEH000768,GZDH7JB18KZD92094,Toyota,Corolla,2025,41286,electric,OWN000204,IA
VEH000769,YA4KK590UFYA34122,Chevrolet,Silverado,2019,74334,hybrid,OWN000297,CO
VEH000770,VTB1ZR1WJCBX88320,Tesla,Model 3,2022,46924,diesel,OWN000275,UT
VEH000771,5H0SWFAZ70TL15830,BMW,X5,2026,47276,electric,OWN000094,NY
VEH000772,SZ7260DLC1PU79919,Audi,Q5,2019,80757,hybrid,OWN000153,AK
VEH000773,3GT84KP4XVRC78374,Audi,Q5,2019,46443,diesel,OWN000296,SD
VEH000774,AM0EWSH06EHM49137,Toyota,Corolla,2026,99257,gasoline,OWN000609,NY
VEH000775,VUZYEXPZE9J745273,Ford,Mustang,2026,67292,hybrid,OWN000297,AL
VEH000776,2ATZ5Y6VFLM955929,Ford,Mustang,2022,93420,gasoline,OWN000640,NV
VEH000777,RGZR3NTJGYR104877,Chevrolet,Equinox,2019,96349,diesel,OWN000197,NY
VEH000778,356LLS1RPTSE59591,Toyota,RAV4,2022,80299,hybrid,OWN000614,UT
VEH000779,E7FYWUU0TTRA56119,Toyota,Camry,2025,120965,gasoline,OWN000298,AL
VEH000780,XZ2XMUG2TUVC03753,BMW,X3,2025,133781,electric,OWN000654,NY
VEH000781,FGJDJ33672A022500,Honda,Civic,2022,1079,gasoline,OWN000239,IL
VEH000782,RXSJTJTHVEJK65783,Chevrolet,Malibu,2024,10809,hybrid,OWN000026,NC
VEH000783,G36ZWHZ178UJ10927,BMW,5 Series,2020,123386,electric,OWN000094,VT
VEH000784,XZTNECMBJGBB83267,Honda,CR-V,2021,121698,electric,OWN000288,ME
VEH000785,XN4W7PSTNJN991276,Mercedes,C-Class,2021,45118,gasoline,OWN000133,NV
VEH000786,KJAR03MGE6H817069,Chevrolet,Silverado,2018,84022,electric,OWN000536,WI
VEH000787,XPRF5WLHG7HM07637,Mercedes,E-Class,2020,144218,electric,OWN000698,SD
VEH000788,HCG44HPUTVW141464,Chevrolet,Silverado,2020,71504,hybrid,OWN000395,WY
VEH000789,87UCFJH5VBWX68709,BMW,3 Series,2025,33363,gasoline,OWN000635,WI
VEH000790,W4CLJ4436LND91229,Chevrolet,Malibu,2019,144126,hybrid,OWN000327,RI
VEH000791,1DTPWYRBWJZY84606,BMW,X3,2018,39689,hybrid,OWN000070,UT
VEH000792,VK6L2ZE49JPK10895,Honda,Accord,2018,116964,hybrid,OWN000418,RI
VEH000793,EEB2ASMM06GD16192,Chevrolet,Silverado,2021,82903,hybrid,OWN000306,MA
VEH000794,THP3TR9NK2ZW31244,Ford,F-150,2025,72976,hybrid,OWN000711,MT
VEH000795,E0UK99S3HAYP88477,BMW,3 Series,2026,69445,hybrid,OWN000664,MN
VEH000796,NEREGXSHPHP952601,BMW,5 Series,2021,83789,diesel,OWN000430,MD
VEH000797,PX7AKKGHM3TG16414,Mercedes,C-Class,2020,85065,hybrid,OWN000699,NY
VEH000798,3XH4BV259FDL18517,Toyota,Highlander,2023,35412,electric,OWN000248,HI
VEH000799,KS5KNTU18EKB90393,Ford,F-150,2022,86407,electric,OWN000124,CO
VEH000800,ZCRU18HRCFCJ19954,Ford,Explorer,2025,47325,electric,OWN000457,AR
VEH000801,UNNC9JB587XL10245,Mercedes,C-Class,2025,125308,gasoline,OWN000599,WY
VEH000802,U42ZG2KSN2NX20369,Mercedes,GLE,2019,41596,gasoline,OWN000529,TN
VEH000803,49NK005LS4HK63648,Tesla,Model Y,2024,40992,diesel,OWN000376,KY
VEH000804,GZM7DPR2Y1U877554,Chevrolet,Equinox,2018,144980,diesel,OWN000417,AL
VEH000805,U5ESF8FAHYJ592007,Audi,Q5,2018,129088,electric,OWN000173,RI
VEH000806,ZT4S96WK3SWY52173,Chevrolet,Equinox,2020,127494,gasoline,OWN000043,LA
VEH000807,6BJHJ8TC0NTG79677,Mercedes,GLE,2026,101373,gasoline,OWN000435,MD
VEH000808,BVA6B08R34GN73439,Audi,A6,2019,43527,hybrid,OWN000521,MA
VEH000809,9SWJTULPC1MF28448,Toyota,Corolla,2021,105952,hybrid,OWN000792,IA
VEH000810,C4YEJ14ME5GG23815,Chevrolet,Tahoe,2025,35378,electric,OWN000126,MA
VEH000811,JDPW7ZSUWHG565621,Tesla,Model X,2022,9117,hybrid,OWN000659,HI
VEH000812,9M4NKVN51UHR38481,Audi,Q5,2025,147542,hybrid,OWN000047,IN
VEH000813,M0HHPHZFZMA026859,BMW,5 Series,2022,14746,gasoline,OWN000543,OH
VEH000814,BTHENPDRR8SK80507,Honda,Pilot,2026,149589,diesel,OWN000159,MT
VEH000815,9MK4XDTM7TX636152,Audi,Q7,2020,38429,hybrid,OWN000119,ME
VEH000816,0YHRXJUJD3RC30441,Mercedes,E-Class,2025,109429,hybrid,OWN000614,VT
VEH000817,N7X9SZJZVBR905619,Audi,A4,2024,140909,gasoline,OWN000657,AZ
VEH000818,4R50621HB9FR70535,Mercedes,GLE,2019,145909,electric,OWN000710,WA
VEH000819,U2BK845SVLZ030555,BMW,X3,2020,101067,electric,OWN000610,WI
VEH000820,TR5X6UC3J5RW05736,BMW,5 Series,2020,26621,diesel,OWN000670,NM
VEH000821,XSCYVNKAB3AF17607,Honda,CR-V,2024,53573,hybrid,OWN000679,OK
VEH000822,61HSVDYUR0LL19568,Audi,A4,2025,43636,hybrid,OWN000433,OH
VEH000823,0HVFKGPGZWBB37474,Honda,CR-V,2025,69667,diesel,OWN000512,IL
VEH000824,2TGH7V0FHWVN55361,Audi,A4,2019,72238,gasoline,OWN000485,VT
VEH000825,Z1T5RBVUT5KA93235,Ford,Escape,2024,59399,gasoline,OWN000349,NV
VEH000826,257A02WKWWHR84387,Tesla,Model X,2023,76347,diesel,OWN000431,MD
VEH000827,CKGY94V3S7CW70549,Ford,F-150,2019,52291,diesel,OWN000262,PA
VEH000828,0N41FX1P9AVG07092,Ford,Mustang,2026,131575,hybrid,OWN000057,MT
VEH000829,E34E7RRXC9GR58545,Ford,Mustang,2023,24500,diesel,OWN000039,LA
VEH000830,GF7K92LP4AD154438,Chevrolet,Equinox,2019,116354,electric,OWN000468,WY
VEH000831,B6JB3BP0JLB341054,Mercedes,E-Class,2018,98457,hybrid,OWN000024,AZ
VEH000832,TX450ZSPS2BM05694,Tesla,Model 3,2022,109299,electric,OWN000392,TN
VEH000833,XNAHXRG0KZFS29430,BMW,X3,2019,65353,electric,OWN000260,MN
VEH000834,SCAL7MX7AHHT32941,Honda,Civic,2024,65628,gasoline,OWN000654,WI
VEH000835,EM7NZ3KNHAW951679,Mercedes,GLE,2018,100049,electric,OWN000572,WY
VEH000836,YDBXF29RF6CY42294,Tesla,Model Y,2024,15868,gasoline,OWN000726,ME
VEH000837,B4PPC5KTAUB299953,BMW,5 Series,2025,134534,diesel,OWN000690,AK
VEH000838,MUFK22XN5AWU62527,Toyota,RAV4,2023,2895,gasoline,OWN000715,ME
VEH000839,G7XPK50UM3YR07054,Chevrolet,Tahoe,2022,122535,gasoline,OWN000746,MD
VEH000840,AF24Z1C032T181652,Tesla,Model X,2020,59809,diesel,OWN000063,VA
VEH000841,9K6YUA4MDTWE37836,Chevrolet,Silverado,2020,14527,electric,OWN000775,GA
VEH000842,MB9WNB125PR845675,Mercedes,GLC,2018,53905,gasoline,OWN000089,CO
VEH000843,J988K4MU23XC75502,Chevrolet,Tahoe,2020,42807,electric,OWN000199,MA
VEH000844,4YJ0LDFZNZN722152,Chevrolet,Silverado,2023,128028,hybrid,OWN000791,ME
VEH000845,J29P8UAEA8F328140,Mercedes,E-Class,2020,110772,gasoline,OWN000762,WI
VEH000846,BDUDVEB08YFV04409,Ford,F-150,2021,123443,gasoline,OWN000368,NJ
VEH000847,8PTNLBGR73GM04174,Chevrolet,Equinox,2018,111666,hybrid,OWN000544,NY
VEH000848,K8J2X5Y601Z126573,BMW,5 Series,2020,147172,electric,OWN000129,MD
VEH000849,ZT1NGPH51TJX80888,Audi,Q7,2018,51425,hybrid,OWN000661,MN
VEH000850,D422XSF9RASW38793,Audi,A6,2021,121312,diesel,OWN000784,CT
VEH000851,9BCWDDJHG0UJ34147,Honda,Civic,2020,90478,electric,OWN000188,DE
VEH000852,XSLEZ6LYADE349540,Toyota,Corolla,2023,98754,diesel,OWN000743,CO
VEH000853,12DH17SW9TKG60291,BMW,5 Series,2022,52413,gasoline,OWN000383,CO
VEH000854,VGCDJTMZSWCS86108,Ford,Mustang,2018,35213,diesel,OWN000028,RI
VEH000855,6G2AXF66RMYG80698,Honda,Pilot,2019,94071,diesel,OWN000071,AL
VEH000856,51A6ECACRYSF07694,Tesla,Model Y,2025,40410,electric,OWN000363,MO
VEH000857,JXHG46F1UFHF62581,Audi,A4,2026,132998,electric,OWN000374,NY
VEH000858,HTBU5TAUV3VW58595,Audi,A6,2021,6446,gasoline,OWN000181,HI
VEH000859,1U8RA4K2WLTX07136,Audi,Q7,2026,22569,hybrid,OWN000127,RI
VEH000860,90EA1UJ2BNEL11982,Honda,Civic,2018,50767,electric,OWN000095,CT
VEH000861,XPFU3K85DXU512682,Chevrolet,Malibu,2022,21644,gasoline,OWN000324,OH
VEH000862,093A46KHUGSX28632,Tesla,Model X,2023,81691,diesel,OWN000026,NH
VEH000863,RP0WD3UT5ZCN89396,Tesla,Model S,2024,29860,diesel,OWN000497,PA
VEH000864,NS2JDFV752C190534,Toyota,Corolla,2024,17701,electric,OWN000548,SC
VEH000865,JLKWPPGT32EM07329,Toyota,Corolla,2022,103583,gasoline,OWN000587,MA
VEH000866,AFZHL0SM7VH912830,Mercedes,C-Class,2025,29336,hybrid,OWN000407,RI
VEH000867,0GEYGAJGXBBZ96109,Chevrolet,Malibu,2018,124255,diesel,OWN000268,NM
VEH000868,G5LKA6ZLR3YN04264,Chevrolet,Tahoe,2019,49495,gasoline,OWN000279,SC
VEH000869,A77Y6BG0HRK014385,BMW,3 Series,2021,149763,hybrid,OWN000699,NH
VEH000870,F2V94XWHCXSB14778,Audi,Q5,2021,115330,electric,OWN000021,WA
VEH000871,07AYYAFJU1PB19224,BMW,3 Series,2018,68933,hybrid,OWN000020,AZ
VEH000872,9Y35AH353ZLH76333,Toyota,Camry,2022,64473,gasoline,OWN000408,CO
VEH000873,UPGE6B6BFJXM58271,Ford,F-150,2022,144506,gasoline,OWN000532,KS
VEH000874,UJDML3BR83GE61178,Toyota,Corolla,2020,9451,gasoline,OWN000652,TX
VEH000875,KZH6V2TA1WA197304,Audi,Q5,2026,74550,diesel,OWN000697,MO
VEH000876,MVCEPSRD46ZJ15737,Audi,Q7,2018,15592,diesel,OWN000325,CA
VEH000877,XXD3SE4GEHV128349,Honda,Accord,2021,105572,gasoline,OWN000420,RI
VEH000878,ES9FGSA1U9MS20779,Mercedes,GLE,2018,13465,diesel,OWN000314,GA
VEH000879,9ZT9L28AMTN003262,Mercedes,GLC,2019,105921,diesel,OWN000330,DE
VEH000880,5TKGWN2GCEG810980,Ford,Mustang,2025,66611,hybrid,OWN000030,AK
VEH000881,ZEEM18ZWU2WE19789,BMW,5 Series,2018,7288,hybrid,OWN000785,NV
VEH000882,G3DYM2FGVSYU92967,Mercedes,C-Class,2024,33138,hybrid,OWN000765,KS
VEH000883,2W9D05YX5JAF13016,Mercedes,C-Class,2022,101458,diesel,OWN000274,CO
VEH000884,VT361F9MAETN00729,Mercedes,GLE,2022,125682,gasoline,OWN000002,RI
VEH000885,RWY5FUUYMEY598077,Mercedes,C-Class,2023,68689,diesel,OWN000765,VA
VEH000886,JBXX9RSMW9KJ30509,Tesla,Model S,2018,66808,electric,OWN000791,CO
VEH000887,6D95KP5NKSFT62267,Toyota,Highlander,2019,13747,electric,OWN000212,IA
VEH000888,SC87MATRWJEN19381,Honda,Accord,2020,97770,diesel,OWN000725,ME
VEH000889,DAYXCZPNSJBZ42796,Tesla,Model 3,2019,125663,gasoline,OWN000754,MS
VEH000890,3F9D5C1M5THJ26046,Mercedes,C-Class,2021,31546,electric,OWN000264,KS
VEH000891,CTNMSJKSHBXZ20376,Ford,Escape,2026,45700,gasoline,OWN000755,UT
VEH000892,CDPCD3CHP3VS91262,BMW,3 Series,2021,21888,hybrid,OWN000073,IA
VEH000893,KSNUC6WWXNGL78822,Audi,A6,2021,116479,gasoline,OWN000267,MO
VEH000894,0PCJRUYHTJSW32850,Ford,Explorer,2022,21401,electric,OWN000654,VA
VEH000895,CTKVWWLRY0SD73138,Honda,Civic,2020,70440,gasoline,OWN000687,NM
VEH000896,RHUMN91C98DF56644,Ford,Explorer,2022,79456,electric,OWN000111,IL
VEH000897,EE3SZNYZPRAN98245,Tesla,Model X,2019,109336,diesel,OWN000244,MS
VEH000898,U09SS2UPDUZL15702,Tesla,Model S,2026,75039,gasoline,OWN000223,KS
VEH000899,KAZFLZ3060AZ47215,Toyota,Corolla,2020,62263,electric,OWN000751,TN
VEH000900,JUVA3BPN8KH891615,Honda,CR-V,2019,40942,diesel,OWN000643,NY
VEH000901,HX5WN5ESXSHS87497,Toyota,Corolla,2021,101080,electric,OWN000273,NV
VEH000902,F2294GSS29KA46190,Chevrolet,Equinox,2022,11780,gasoline,OWN000019,PA
VEH000903,0CGKECMNLVMG62920,Ford,F-150,2021,60300,electric,OWN000740,OH
VEH000904,BX74CKPT6SBW20182,BMW,X3,2019,83159,hybrid,OWN000404,IA
VEH000905,HWBF9K1MJNN212455,Audi,A4,2022,34199,gasoline,OWN000251,AK
VEH000906,GB7VKSJ8EVXL18954,Chevrolet,Equinox,2022,122284,gasoline,OWN000391,MD
VEH000907,2D77CSH9HDWE39245,Mercedes,GLC,2024,76463,gasoline,OWN000428,GA
VEH000908,KP7GJYM1W5BC61058,Honda,Accord,2021,20015,electric,OWN000079,OR
VEH000909,HRW7MT3FTLCJ37013,Mercedes,C-Class,2025,93621,gasoline,OWN000668,IN
VEH000910,32GS9EFB7HD709070,Chevrolet,Equinox,2026,109009,diesel,OWN000242,CA
VEH000911,TBRRTSPET3LG13398,Audi,A6,2021,111995,diesel,OWN000236,CT
VEH000912,UFDBZF9D6WB108735,Honda,Civic,2023,36059,electric,OWN000491,MO
VEH000913,X41YLATHALNN52027,Tesla,Model S,2026,45723,electric,OWN000637,NC
VEH000914,Z3UP92UY33FJ09331,Ford,Mustang,2026,120225,electric,OWN000124,KS
VEH000915,8B9CKP9060VH15531,Audi,Q5,2019,87916,gasoline,OWN000018,OH
VEH000916,HSJ3CK52D0MP11330,Audi,Q5,2021,146411,gasoline,OWN000182,MN
VEH000917,R9MXK4MPZFR732343,Mercedes,GLE,2026,87291,electric,OWN000539,FL
VEH000918,4K1ZCFJP5ANX34600,Toyota,Camry,2023,104926,hybrid,OWN000039,MT
VEH000919,JSRJTZ22T7E837117,Audi,A4,2020,116671,diesel,OWN000771,OR
VEH000920,350P7MNETCY494310,Ford,Explorer,2022,59205,gasoline,OWN000006,LA
VEH000921,YEFHH2N2LSPD52467,Chevrolet,Equinox,2024,35834,diesel,OWN000326,WA
VEH000922,65KZNPVURGWJ53170,Audi,A6,2026,36020,electric,OWN000548,NV
VEH000923,N7BGKZABZHB732821,Audi,A6,2019,90614,diesel,OWN000199,RI
VEH000924,6RUYSNTHLLAG13970,Ford,Explorer,2021,117604,gasoline,OWN000205,NE
VEH000925,47Z8KEL29GMT85673,Audi,A4,2024,19349,gasoline,OWN000722,NJ
VEH000926,3CDP6GFY4NL673689,Toyota,Camry,2024,101500,diesel,OWN000364,ID
VEH000927,UZU7MG1ZT3ZR25515,Toyota,Highlander,2023,35413,hybrid,OWN000676,NH
VEH000928,Z0HBP8P9YWG900922,Audi,A6,2023,42640,hybrid,OWN000707,SC
VEH000929,B40U17D9ZEX405270,Tesla,Model 3,2026,56337,diesel,OWN000763,MO
VEH000930,VD1CLG9JUEY023635,Chevrolet,Tahoe,2018,19990,electric,OWN000699,MA
VEH000931,0FVYPHJG83V078922,Chevrolet,Equinox,2025,19880,electric,OWN000790,NE
VEH000932,84P21GDMHAA746899,Mercedes,GLC,2018,87135,hybrid,OWN000388,AL
VEH000933,MJU77XZTYBP495520,Audi,A6,2019,83052,hybrid,OWN000076,ND
VEH000934,JZBHSFMGBVX192789,Tesla,Model S,2023,44191,diesel,OWN000680,NJ
VEH000935,CWGDMNW3NYUX30437,Ford,Escape,2026,12600,diesel,OWN000021,KS
VEH000936,502T9GL95JWZ76877,Chevrolet,Silverado,2021,145211,gasoline,OWN000481,OH
VEH000937,2921F1FZ80T016502,Audi,A6,2026,25701,diesel,OWN000427,MS
VEH000938,VJR138ZE8FXJ09981,BMW,X3,2026,20623,diesel,OWN000669,GA
VEH000939,G18PNPWG3KHY78305,Honda,Civic,2018,83526,hybrid,OWN000342,MS
VEH000940,EKN794Z2HYAR49303,Audi,A6,2023,115612,electric,OWN000533,SC
VEH000941,WK0YJVMNM2L911040,BMW,3 Series,2022,92317,gasoline,OWN000527,SD
VEH000942,LJKB2C01Y6CR12782,Tesla,Model X,2022,74767,diesel,OWN000713,WA
VEH000943,SZA0RNCMD1BR70558,Chevrolet,Tahoe,2026,23096,gasoline,OWN000124,IA
VEH000944,52CVFYSHTXA626350,BMW,X5,2025,116342,diesel,OWN000357,AR
VEH000945,HFGSJSY6EJVD01665,Honda,CR-V,2026,56476,diesel,OWN000675,UT
VEH000946,385WU6T6TYYN60141,Audi,Q5,2024,147874,electric,OWN000294,ND
VEH000947,DZSKTPYZLMTU51232,Tesla,Model 3,2019,66089,gasoline,OWN000557,WA
VEH000948,Y2H1XFMVR1A730477,Honda,Civic,2023,99704,diesel,OWN000645,SD
VEH000949,LR3J0CS89YUV17809,Toyota,Corolla,2026,21295,gasoline,OWN000258,FL
VEH000950,YHJASUEB7DPW84059,Toyota,Corolla,2018,123358,electric,OWN000463,NH
VEH000951,PTZMVXEBNRBC93410,BMW,X3,2026,97856,gasoline,OWN000023,SC
VEH000952,35WUBP4BH5C782000,Audi,A6,2024,109508,electric,OWN000173,HI
VEH000953,1CKDXXYY8AZ537248,Honda,CR-V,2025,98572,diesel,OWN000688,NJ
VEH000954,3EY0KVB56HZT40010,Chevrolet,Tahoe,2024,13268,electric,OWN000094,WI
VEH000955,001N0SDLMSYN66138,Chevrolet,Malibu,2021,142560,diesel,OWN000546,IN
VEH000956,5YU4J0CWRUEK06250,BMW,X3,2026,77563,electric,OWN000440,IL
VEH000957,23D9WSA79SEY59906,Chevrolet,Silverado,2026,136322,electric,OWN000625,CT
VEH000958,27WP8796WSVS94394,Tesla,Model X,2021,1432,diesel,OWN000038,WY
VEH000959,6P9TNBPJVCWZ89056,BMW,3 Series,2024,85372,hybrid,OWN000121,NM
VEH000960,5ZPAEMDC5EG443176,Audi,A6,2021,77001,gasoline,OWN000329,AK
VEH000961,WKNTN24XZ5YY65857,Audi,Q5,2023,15883,diesel,OWN000372,WA
VEH000962,KJZJ63JYH1CB07956,Toyota,Highlander,2025,84435,hybrid,OWN000779,TN
VEH000963,XYF11U1G9BC120119,Tesla,Model S,2024,84330,diesel,OWN000078,CA
VEH000964,UCJ4W4VAJAVW19409,Honda,Accord,2026,14949,gasoline,OWN000205,HI
VEH000965,9PDFDSEP3NM391370,Tesla,Model X,2026,51356,gasoline,OWN000386,DE
VEH000966,YF23SVGSX3D990272,BMW,X3,2021,122132,gasoline,OWN000617,LA
VEH000967,N7LJF93KREBL97750,Ford,F-150,2023,125236,diesel,OWN000337,IL
VEH000968,G7ZZFG3WDLTY59286,Tesla,Model X,2023,43105,diesel,OWN000095,ME
VEH000969,ZPLMX31KSCB876634,Toyota,Corolla,2020,113744,hybrid,OWN000442,GA
VEH000970,4UX5H11PVMTU49946,Toyota,Camry,2019,81844,diesel,OWN000101,AR
VEH000971,6YFC9ENVBHWY65167,Tesla,Model X,2026,96489,gasoline,OWN000008,SD
VEH000972,KGZB7716HJUM50532,BMW,X5,2022,47729,electric,OWN000319,NH
VEH000973,W9VDRC5T4KPV83857,Toyota,Corolla,2026,140222,diesel,OWN000450,LA
VEH000974,C3006BNT4EB533244,Audi,A4,2020,62965,hybrid,OWN000217,NM
VEH000975,70XGE2JJ7CE032809,Chevrolet,Silverado,2021,137526,hybrid,OWN000282,WY
VEH000976,LAJ3F7FLV0D250739,Chevrolet,Tahoe,2026,18991,diesel,OWN000700,AZ
VEH000977,1GPJ8SCTTPPU19038,Ford,Mustang,2023,53357,gasoline,OWN000653,CA
VEH000978,XBTXSH17FSMU79776,Tesla,Model X,2023,72395,gasoline,OWN000206,ME
VEH000979,094TSRH13WWK66620,Audi,A4,2026,40605,hybrid,OWN000459,NV
VEH000980,ZRKH0H6ATGVU36535,BMW,3 Series,2018,41993,electric,OWN000445,ID
VEH000981,KNLKL9MELPNR03174,Honda,Accord,2021,134660,electric,OWN000514,SD
VEH000982,2T3DDXDAXSBW85305,Toyota,Camry,2018,95585,hybrid,OWN000416,FL
VEH000983,05GZJRFEDYDX99724,Audi,Q7,2023,28354,hybrid,OWN000723,MI
VEH000984,84HRXA1UHPKS84125,BMW,X3,2021,43143,diesel,OWN000783,RI
VEH000985,4XVMWWS3YPFG53962,Ford,Explorer,2025,76428,diesel,OWN000113,KY
VEH000986,10UWJ87MR0G009708,Mercedes,E-Class,2023,89554,hybrid,OWN000745,NJ
VEH000987,FXY7HVXZDYMP44801,BMW,X3,2020,11642,gasoline,OWN000066,AZ
VEH000988,ZBPPUVGMG6X581398,BMW,X5,2018,14852,diesel,OWN000153,AR
VEH000989,FS3UW3R8MRS761836,Honda,Civic,2021,33690,hybrid,OWN000795,IA
VEH000990,S6D8BJJKEFGT97094,Mercedes,GLC,2019,62904,diesel,OWN000610,KS
VEH000991,XKGF8R6SFXUU26218,Mercedes,GLE,2021,17335,electric,OWN000674,MS
VEH000992,7F5YP56C1DJX04587,Chevrolet,Equinox,2018,102105,hybrid,OWN000234,AZ
VEH000993,CPZHZ1GL40ER46813,Chevrolet,Tahoe,2019,19641,electric,OWN000784,AZ
VEH000994,0DZ7HJ4PBKTM36318,Chevrolet,Silverado,2025,89784,electric,OWN000415,CA
VEH000995,N3J6DT42G5JM86607,Honda,Pilot,2025,102789,electric,OWN000677,MI
VEH000996,98ERMBSKU9NB36320,Tesla,Model 3,2019,111400,electric,OWN000428,TN
VEH000997,AY32CVRDXMCD39706,BMW,3 Series,2020,15185,hybrid,OWN000183,WY
VEH000998,WRC2FP6ETSAR36559,Ford,Mustang,2026,105492,gasoline,OWN000060,IN
VEH000999,00WH0DK178DS91522,Audi,Q7,2022,34920,electric,OWN000684,AR
VEH001000,7U7U6F9RP2YW94087,Chevrolet,Malibu,2020,9751,hybrid,OWN000627,NM